-- phpMyAdmin SQL Dump
-- version 4.3.11.1
-- http://www.phpmyadmin.net
--
-- Host: localhost
-- Erstellungszeit: 09. Jul 2015 um 14:10
-- Server-Version: 5.5.41-MariaDB
-- PHP-Version: 5.4.16

SET SQL_MODE = "NO_AUTO_VALUE_ON_ZERO";
SET time_zone = "+00:00";


/*!40101 SET @OLD_CHARACTER_SET_CLIENT=@@CHARACTER_SET_CLIENT */;
/*!40101 SET @OLD_CHARACTER_SET_RESULTS=@@CHARACTER_SET_RESULTS */;
/*!40101 SET @OLD_COLLATION_CONNECTION=@@COLLATION_CONNECTION */;
/*!40101 SET NAMES utf8 */;

--
-- Datenbank: `sn`
--

--
-- Daten für Tabelle `auth_permission`
--

INSERT INTO `auth_permission` (`id`, `name`, `content_type_id`, `codename`) VALUES
(1, 'Can add log entry', 1, 'add_logentry'),
(2, 'Can change log entry', 1, 'change_logentry'),
(3, 'Can delete log entry', 1, 'delete_logentry'),
(4, 'Can add permission', 2, 'add_permission'),
(5, 'Can change permission', 2, 'change_permission'),
(6, 'Can delete permission', 2, 'delete_permission'),
(7, 'Can add group', 3, 'add_group'),
(8, 'Can change group', 3, 'change_group'),
(9, 'Can delete group', 3, 'delete_group'),
(10, 'Can add user', 4, 'add_user'),
(11, 'Can change user', 4, 'change_user'),
(12, 'Can delete user', 4, 'delete_user'),
(13, 'Can add content type', 5, 'add_contenttype'),
(14, 'Can change content type', 5, 'change_contenttype'),
(15, 'Can delete content type', 5, 'delete_contenttype'),
(16, 'Can add session', 6, 'add_session'),
(17, 'Can change session', 6, 'change_session'),
(18, 'Can delete session', 6, 'delete_session'),
(19, 'Can add profile', 7, 'add_profile'),
(20, 'Can change profile', 7, 'change_profile'),
(21, 'Can delete profile', 7, 'delete_profile'),
(22, 'Can add message', 8, 'add_message'),
(23, 'Can change message', 8, 'change_message'),
(24, 'Can delete message', 8, 'delete_message'),
(25, 'Can add circle', 9, 'add_circle'),
(26, 'Can change circle', 9, 'change_circle'),
(27, 'Can delete circle', 9, 'delete_circle'),
(28, 'Can add circle_message', 10, 'add_circle_message'),
(29, 'Can change circle_message', 10, 'change_circle_message'),
(30, 'Can delete circle_message', 10, 'delete_circle_message'),
(31, 'Can add settings', 11, 'add_settings'),
(32, 'Can change settings', 11, 'change_settings'),
(33, 'Can delete settings', 11, 'delete_settings'),
(34, 'Can add notification', 12, 'add_notification'),
(35, 'Can change notification', 12, 'change_notification'),
(36, 'Can delete notification', 12, 'delete_notification'),
(37, 'Can add directmessage', 13, 'add_directmessage'),
(38, 'Can change directmessage', 13, 'change_directmessage'),
(39, 'Can delete directmessage', 13, 'delete_directmessage'),
(40, 'Can add theme', 14, 'add_theme'),
(41, 'Can change theme', 14, 'change_theme'),
(42, 'Can delete theme', 14, 'delete_theme'),
(43, 'Can add account activation', 15, 'add_accountactivation'),
(44, 'Can change account activation', 15, 'change_accountactivation'),
(45, 'Can delete account activation', 15, 'delete_accountactivation'),
(46, 'Can add report', 16, 'add_report'),
(47, 'Can change report', 16, 'change_report'),
(48, 'Can delete report', 16, 'delete_report'),
(49, 'Can add user report', 17, 'add_userreport'),
(50, 'Can change user report', 17, 'change_userreport'),
(51, 'Can delete user report', 17, 'delete_userreport'),
(52, 'Can add circle message report', 18, 'add_circlemessagereport'),
(53, 'Can change circle message report', 18, 'change_circlemessagereport'),
(54, 'Can delete circle message report', 18, 'delete_circlemessagereport');

--
-- Daten für Tabelle `auth_user`
--

INSERT INTO `auth_user` (`id`, `password`, `last_login`, `is_superuser`, `username`, `first_name`, `last_name`, `email`, `is_staff`, `is_active`, `date_joined`) VALUES
(17, 'pbkdf2_sha256$20000$FAHeKNnK7uee$gtRYqrNaL4RDM1yjP+D55ZqXwvyUyCPdJsc4GDayc14=', '2015-06-05 12:32:46', 1, 'jan', 'Jan', 'Mennen', 'livejan@gmx.de', 0, 1, '2015-05-28 10:14:08'),
(18, 'pbkdf2_sha256$20000$9mQfHbrpa1eT$W6ek4RZ67MtuK9qfas4MrML7mg//IaMi+Pt25pPqrCA=', '2015-05-28 10:59:53', 0, 'frank', '', '', 'frank@frank.frnak', 0, 1, '2015-05-28 10:24:12'),
(19, 'pbkdf2_sha256$20000$Aa1nAvylgb0W$tvIj/PN2m46qdSjZlBwx2oDFqKExqcyPZ5OA4wsZvto=', '2015-05-28 10:26:11', 0, 'peter', '', '', 'peter@email.email', 0, 1, '2015-05-28 10:26:05'),
(20, 'pbkdf2_sha256$20000$t0Kh6HOWJfyY$SnQPxVhszpACLeIZS6y02TbPI9zdbtUZOcBIsSAJUXQ=', '2015-05-28 11:13:47', 0, 'ulrike', 'Ulrike', 'Schneider', 'u@u.uu', 0, 1, '2015-05-28 11:13:40'),
(21, 'pbkdf2_sha256$20000$AcHdXyhYyDzE$oag8UYwX2mJQ0jsu1TepNgzgZ38WU/ftUwb4uuMULtg=', '2015-05-28 12:38:34', 0, 'sam', 'Vo', 'Na', 'jan@jan.de', 0, 1, '2015-05-28 12:38:26'),
(22, 'pbkdf2_sha256$20000$QoSDtY6O9Zkf$ccdQY/wYLBcbgu6//6N6oLihcvx1cE5uZrqKUyYSHeg=', '2015-07-06 14:39:22', 1, 'JanMennen', 'Jan', 'Mennen', 'livejan@gmx.de', 0, 1, '2015-06-04 14:50:46'),
(23, 'pbkdf2_sha256$20000$Lbjq8ljle2Xg$VVhW1rDRfCe+CGgEFQ7IxZNradxUur9jRoxCFoc2WZE=', '2015-07-09 12:44:43', 1, 'hans', 'tom', 'core', 'tom.core@tom.de', 0, 1, '2015-06-04 19:56:34'),
(24, 'pbkdf2_sha256$20000$r8sZD7GShuzF$sHDhDgcbDkpmQyxjEaR/qNt5SAxPBKcgCwCdtreQdKc=', '2015-07-03 20:21:05', 1, 'dong', 'dong', 'yang', 'fabian082yang@hotmail.com', 0, 1, '2015-06-04 20:28:54'),
(26, 'pbkdf2_sha256$20000$qSXINGMA3tjw$+pQ9oJ234m9f+D6kROKz8vD40Sd+qa+XpGsZ9SgJ+xY=', '2015-06-24 19:47:42', 0, 'cheng', 'cheng', 'chen', 'chengchen@hotmail.de', 0, 1, '2015-06-04 22:45:40'),
(27, 'pbkdf2_sha256$20000$9oSABmR1Eque$YSRQjPF0ZC2IOclLN0hr3Vh9o44dXX6KXpCZvLPuwHU=', '2015-06-30 20:01:06', 1, 'hans2', '', '', 'hans@hans.de', 0, 1, '2015-06-06 19:39:34'),
(28, 'pbkdf2_sha256$20000$eRtKEXUFzxLB$hAU9RCmoruafhb/VdbSI+egDuVu/R6o8njvbYwxfZGs=', '2015-06-07 18:24:42', 0, 'test', 'test', 'test', 'test@test.de', 0, 1, '2015-06-07 18:24:31'),
(30, 'pbkdf2_sha256$20000$S9GlIvffy5ol$aYywQ33VpRFyo1Pzl5n/V2fSp8MJ7sl5wbJMSWtWyd8=', '2015-07-06 20:11:51', 1, 'david2', '', 'D', 'dskowronek.ds@gmail.com', 0, 1, '2015-06-08 15:49:53'),
(31, 'pbkdf2_sha256$20000$Gd2BR9yDVKy0$VQ4VsUxqI6WcYW4QL6PrkBncHUsC9pw2NHXgnt5pi/I=', '2015-07-02 12:00:42', 0, 'david3', 'David', 'Skowronek', 'dskowronek.ds@gmail.com', 0, 1, '2015-06-08 15:50:08'),
(32, 'pbkdf2_sha256$20000$2jhK8AQYQton$uMvLGg3GGlf2/b89LF/11ALESe0d+cXHyEfpVMJg+Ro=', '2015-06-18 13:13:31', 0, 'david4', 'David', 'Skowronek', 'dskowronek.ds@gmail.com', 0, 1, '2015-06-08 15:50:28'),
(33, 'pbkdf2_sha256$20000$oDcNTjXMp6g8$J+HlDO/i/UgMZ3NsC3bGsdkIgJFB1AkkwUHsGEyRfIY=', '2015-07-08 14:30:45', 0, 'c1', '', '', 'c1@bla.de', 0, 1, '2015-06-11 13:34:45'),
(34, 'pbkdf2_sha256$20000$RuGCvB6X1FMJ$w1RTMSDtOXXNze7atGd5wZTkls3c+H0wOa0xJvXKQpU=', '2015-06-24 19:42:27', 0, 'c2', '', '', 'c@bla.de', 0, 1, '2015-06-11 13:35:16'),
(35, 'pbkdf2_sha256$20000$sLi9Lj8PHKCx$/XKqnHmU2ucqtMS6ClS3xbNdti808pDw0OrAMiX/C34=', NULL, 0, 'c3', '', '', 'c@bla.de', 0, 1, '2015-06-11 13:35:41'),
(36, 'pbkdf2_sha256$20000$BEZyNQDPPNfY$hylgKMMCgeEzv8921aVgwMUZoiBXgyWAHU+DsnI11MY=', '2015-06-25 15:19:07', 0, 'fabian', '', '', '385099788@qq.com', 0, 1, '2015-06-11 18:31:59'),
(37, 'pbkdf2_sha256$20000$7nftkI63KUNL$+af+OQI8xk2M6+37NkZVPp1w8ShY8ar/TjSULY5VVAo=', '2015-06-12 10:34:08', 0, 'david5', '', '', 'dskowronek.ds@gmail.com', 0, 1, '2015-06-12 10:33:58'),
(38, 'pbkdf2_sha256$20000$1jamD4QCYhkq$cVR20jraDfCkqgBvBsl0W0J8fukGbzqEIdCBFljQQQ8=', '2015-06-14 20:52:48', 0, 'testNotifi', 'test', 'test', 'fabian082yang@hotmail.com', 0, 1, '2015-06-14 19:32:32'),
(39, 'pbkdf2_sha256$20000$y79U60d6MBrJ$svGBlQDP0admkZ4lTR5uFiGh+hbc42m2jjwNctOwi9k=', NULL, 0, 'SYSTEM', '', '', '', 0, 1, '2015-06-16 17:11:18'),
(40, 'pbkdf2_sha256$20000$HRrrI3cI4hRm$jgJAomm61SsAcWAjLbSANS5LCvRkdQUey77jEwV2++U=', '2015-06-20 13:04:19', 0, 'david99', '', '', 'e@e.de', 0, 1, '2015-06-18 13:07:18'),
(41, 'pbkdf2_sha256$20000$nmrPSp7MSCeb$fjx9tTckaxmE6t9OdkdSvq7T1tGXcFJLusQ6Ww8pgFo=', '2015-06-20 12:43:24', 1, 'david1000', 'David', 'Skowronek', 'dskowronek.ds@gmail.com', 0, 1, '2015-06-20 12:31:00'),
(49, 'pbkdf2_sha256$20000$Gk8XzZwED08i$wHXHlpZaMvHZK1d8btIgZebsvjAkG3YBl3OxL8JXNkY=', '2015-06-23 13:45:09', 0, 'floriantest', '', '', 'testtest@test.de', 0, 1, '2015-06-21 20:11:24'),
(50, 'pbkdf2_sha256$20000$o4QXMX597qs0$KAQkFhQxXLvNwlfolreWIHEvTj3yy+7YNMq+AvvOGHc=', NULL, 0, 'Shawn', 'Trong', 'Phan', 'trongi-thanh@hotmail.de', 0, 0, '2015-06-30 19:56:53'),
(51, 'pbkdf2_sha256$20000$jLKCXpMj5buq$JHR4lwT8t4mwjbCEN0ck+qE74xwVJDBuoK4d4igV1yU=', NULL, 0, 'Pat', 'Pat', 'B', 'akaramba@hotmail.de', 0, 0, '2015-06-30 19:57:35'),
(52, 'pbkdf2_sha256$20000$qjsMQKu3GVui$2vCHXMXQB6zyHngq4AiyPYOFw/fXnJdbGYj2ySs9bDc=', NULL, 0, 'kemal', 'özkan', 'kemal', 'oezzi_fcb@hotmail.de', 0, 0, '2015-06-30 19:58:10'),
(53, 'pbkdf2_sha256$20000$vBeSNXZFxdJx$Y92k7uzjr+/3cg6JHIPn/NXRkjU2CCWvYekSUQN1Mck=', NULL, 0, 'Thomas', '', '', 'thomas@thomas.de', 0, 0, '2015-06-30 19:58:34'),
(54, 'pbkdf2_sha256$20000$CwDI68XUcdPL$Z64YeKQvBRNfpljv341NAfIvL+bE3Qty6iHShGHWA1U=', NULL, 0, 'th1', '', '', 'princessminie@hotmail.de', 0, 0, '2015-06-30 19:59:31'),
(55, 'pbkdf2_sha256$20000$wpS8LxasrbY4$fP4kiV6/Bnuv2msvVW86mVBsOVPJcPurgKfK4CeMuNw=', NULL, 0, 'jan93', '', '', 'janmennen@outlook.com', 0, 0, '2015-07-06 18:30:29');

--
-- Daten für Tabelle `buzzit_models_accountactivation`
--

INSERT INTO `buzzit_models_accountactivation` (`username_id`, `token`) VALUES
('jan93', '8242daabca09e2faebfcb63a5522c69c5943cca8'),
('kemal', '76306482b36b42c8b05143ada83725ea81979dab'),
('Pat', '08eb78f51d19685f3eabdf25adfa988affad57ae'),
('Shawn', 'd2b64621d14e7fc97d7566d56e2ad2e8f080585c'),
('th1', 'c78438ba1f773c3575c366b18abb6cc8c7070e3d'),
('Thomas', '2386aa3910c4b5f56697a3b18b0b82de2d8dbc6f');

--
-- Daten für Tabelle `buzzit_models_circle`
--

INSERT INTO `buzzit_models_circle` (`id`, `owner_id`, `name`) VALUES
(41, 1, 'kreis'),
(42, 1, 'zweiter kreis'),
(43, 30, 'mein kreis'),
(45, 23, 'TU-Berlin'),
(46, 23, 'SN'),
(47, 23, 'Group5'),
(53, 23, 'ProgPrak'),
(54, 26, '111'),
(56, 26, 'hala'),
(58, 34, 'kreis c1'),
(59, 33, 'kreis aaaa'),
(60, 33, 'kreis bbbb'),
(61, 26, 'chengs army'),
(63, 24, 'mykreis'),
(64, 24, 'uni'),
(65, 22, 'Test'),
(66, 1, 'dritter kreis'),
(67, 24, 'test circle'),
(69, 30, 'mein neuer kreis'),
(70, 27, 'neuer Kreis'),
(72, 24, 'kreis');

--
-- Daten für Tabelle `buzzit_models_circlemessagereport`
--

INSERT INTO `buzzit_models_circlemessagereport` (`report_ptr_id`, `reported_message_id`) VALUES
(393, 254),
(387, 375);

--
-- Daten für Tabelle `buzzit_models_circle_members`
--

INSERT INTO `buzzit_models_circle_members` (`id`, `circle_id`, `user_id`) VALUES
(65, 41, 22),
(67, 41, 24),
(22, 41, 26),
(12, 41, 31),
(8, 42, 22),
(68, 45, 26),
(69, 46, 26),
(47, 47, 26),
(46, 53, 26),
(23, 54, 26),
(37, 56, 33),
(38, 56, 34),
(33, 58, 33),
(34, 58, 34),
(40, 59, 26),
(41, 59, 34),
(39, 60, 26),
(42, 61, 26),
(43, 61, 33),
(44, 61, 34),
(54, 63, 23),
(55, 64, 23),
(56, 64, 36),
(57, 65, 23),
(59, 66, 22),
(64, 66, 24),
(63, 66, 26),
(71, 67, 38),
(72, 72, 23),
(73, 72, 36),
(74, 72, 38);

--
-- Daten für Tabelle `buzzit_models_circle_message`
--

INSERT INTO `buzzit_models_circle_message` (`message_ptr_id`, `answer_to_id`, `original_message_id`, `public`) VALUES
(3, NULL, NULL, 0),
(4, NULL, NULL, 0),
(5, NULL, NULL, 0),
(6, NULL, NULL, 0),
(7, NULL, NULL, 0),
(8, NULL, NULL, 0),
(9, NULL, NULL, 0),
(10, NULL, NULL, 0),
(11, NULL, NULL, 0),
(13, NULL, NULL, 0),
(14, NULL, NULL, 0),
(18, NULL, NULL, 0),
(19, NULL, NULL, 0),
(20, NULL, NULL, 0),
(22, NULL, NULL, 0),
(23, NULL, NULL, 0),
(24, NULL, NULL, 0),
(25, NULL, NULL, 0),
(28, NULL, NULL, 0),
(29, NULL, NULL, 0),
(30, NULL, NULL, 0),
(31, NULL, NULL, 0),
(32, NULL, NULL, 0),
(35, NULL, NULL, 0),
(37, NULL, NULL, 0),
(38, NULL, NULL, 0),
(39, NULL, NULL, 0),
(40, NULL, NULL, 0),
(41, NULL, NULL, 0),
(42, NULL, NULL, 0),
(43, NULL, NULL, 0),
(44, NULL, NULL, 0),
(45, NULL, NULL, 0),
(46, NULL, NULL, 0),
(47, NULL, NULL, 0),
(48, NULL, NULL, 0),
(49, NULL, NULL, 0),
(50, NULL, NULL, 0),
(51, NULL, NULL, 0),
(52, NULL, NULL, 0),
(55, NULL, NULL, 0),
(56, NULL, NULL, 0),
(60, NULL, NULL, 0),
(70, NULL, NULL, 0),
(71, NULL, NULL, 0),
(72, NULL, NULL, 0),
(73, NULL, NULL, 0),
(74, NULL, NULL, 0),
(75, NULL, NULL, 0),
(76, NULL, NULL, 0),
(77, NULL, NULL, 1),
(78, NULL, NULL, 1),
(79, NULL, NULL, 0),
(80, NULL, NULL, 0),
(81, NULL, NULL, 0),
(82, NULL, NULL, 0),
(83, NULL, NULL, 0),
(84, NULL, NULL, 1),
(85, NULL, NULL, 1),
(86, NULL, NULL, 1),
(89, NULL, NULL, 1),
(90, NULL, NULL, 1),
(100, NULL, NULL, 1),
(102, NULL, NULL, 1),
(104, NULL, NULL, 1),
(106, NULL, NULL, 0),
(107, NULL, NULL, 0),
(114, NULL, NULL, 0),
(119, NULL, NULL, 0),
(120, NULL, NULL, 0),
(122, NULL, NULL, 1),
(127, 122, NULL, 1),
(128, 127, NULL, 1),
(129, 114, NULL, 1),
(133, NULL, 114, 1),
(134, NULL, 122, 0),
(186, NULL, 122, 1),
(187, NULL, 122, 1),
(189, 187, NULL, 1),
(191, NULL, NULL, 1),
(192, NULL, NULL, 1),
(206, 192, NULL, 1),
(208, 192, NULL, 1),
(210, 192, NULL, 1),
(212, 192, NULL, 1),
(215, NULL, NULL, 1),
(217, NULL, NULL, 1),
(218, NULL, NULL, 0),
(225, NULL, NULL, 1),
(226, 225, NULL, 1),
(228, NULL, NULL, 1),
(229, NULL, NULL, 1),
(236, NULL, NULL, 0),
(238, 192, NULL, 1),
(240, 192, NULL, 1),
(243, NULL, NULL, 1),
(245, NULL, NULL, 0),
(246, NULL, NULL, 0),
(247, NULL, NULL, 0),
(248, NULL, 236, 1),
(250, 248, NULL, 1),
(252, NULL, NULL, 0),
(254, NULL, NULL, 1),
(255, NULL, NULL, 1),
(256, NULL, 252, 0),
(258, 252, NULL, 1),
(266, NULL, NULL, 0),
(270, 192, NULL, 1),
(272, 192, NULL, 1),
(274, 192, NULL, 1),
(276, 192, NULL, 1),
(283, NULL, NULL, 1),
(285, 254, NULL, 1),
(287, 218, NULL, 1),
(289, NULL, NULL, 1),
(293, NULL, 236, 1),
(300, NULL, NULL, 1),
(307, NULL, NULL, 1),
(308, NULL, NULL, 0),
(310, NULL, NULL, 0),
(314, NULL, NULL, 1),
(315, NULL, NULL, 0),
(317, NULL, NULL, 0),
(319, NULL, NULL, 0),
(320, NULL, NULL, 0),
(322, NULL, NULL, 0),
(323, NULL, NULL, 1),
(324, NULL, NULL, 0),
(329, NULL, 324, 0),
(331, NULL, NULL, 0),
(343, 331, NULL, 1),
(345, NULL, 324, 1),
(349, NULL, NULL, 1),
(350, NULL, NULL, 1),
(352, 345, NULL, 1),
(354, NULL, NULL, 1),
(360, NULL, 323, 1),
(362, NULL, NULL, 1),
(363, NULL, NULL, 1),
(367, NULL, 324, 1),
(369, 363, NULL, 1),
(371, NULL, NULL, 0),
(372, NULL, NULL, 1),
(373, NULL, NULL, 0),
(374, NULL, NULL, 0),
(375, NULL, NULL, 0),
(379, 331, NULL, 1),
(381, NULL, 331, 0),
(383, 381, NULL, 1);

--
-- Daten für Tabelle `buzzit_models_circle_messages`
--

INSERT INTO `buzzit_models_circle_messages` (`id`, `circle_id`, `circle_message_id`) VALUES
(36, 41, 45),
(40, 41, 48),
(46, 41, 107),
(48, 41, 114),
(55, 41, 134),
(63, 41, 266),
(66, 41, 308),
(67, 41, 310),
(81, 41, 324),
(86, 41, 371),
(88, 41, 374),
(34, 42, 43),
(37, 42, 46),
(41, 42, 48),
(49, 42, 114),
(64, 42, 266),
(84, 42, 329),
(21, 43, 25),
(56, 43, 218),
(73, 43, 315),
(75, 45, 317),
(16, 54, 19),
(59, 54, 246),
(60, 54, 247),
(26, 56, 30),
(27, 56, 31),
(25, 58, 28),
(62, 60, 256),
(28, 61, 31),
(53, 61, 119),
(54, 61, 120),
(57, 61, 236),
(58, 61, 245),
(61, 61, 252),
(31, 63, 35),
(42, 64, 49),
(43, 64, 50),
(44, 64, 51),
(45, 64, 52),
(85, 64, 331),
(90, 64, 381),
(33, 65, 38),
(39, 65, 47),
(35, 66, 44),
(38, 66, 46),
(50, 66, 114),
(65, 66, 266),
(87, 66, 373),
(77, 69, 319),
(78, 69, 320),
(80, 70, 322);

--
-- Daten für Tabelle `buzzit_models_circle_message_mentions`
--

INSERT INTO `buzzit_models_circle_message_mentions` (`id`, `circle_message_id`, `user_id`) VALUES
(1, 76, 1),
(2, 77, 1),
(3, 78, 1),
(4, 79, 1),
(5, 80, 1),
(6, 81, 1),
(7, 82, 1),
(8, 83, 1),
(9, 84, 1),
(10, 85, 1),
(11, 86, 1),
(14, 100, 1),
(15, 102, 1),
(16, 104, 1),
(17, 107, 1),
(19, 114, 41),
(20, 120, 34),
(21, 122, 23),
(22, 215, 1),
(23, 236, 33),
(24, 243, 26),
(25, 252, 33),
(26, 266, 26),
(27, 283, 30),
(28, 289, 22),
(32, 300, 1),
(33, 300, 24),
(30, 300, 26),
(31, 300, 49),
(34, 350, 1),
(35, 354, 1),
(36, 363, 1);

--
-- Daten für Tabelle `buzzit_models_circle_message_themes`
--

INSERT INTO `buzzit_models_circle_message_themes` (`id`, `circle_message_id`, `theme_id`) VALUES
(5, 84, 'FirstPost'),
(13, 107, 'kreis'),
(15, 114, 'kreis'),
(17, 215, 'XSS'),
(18, 217, 'XSS'),
(19, 218, 'XSS'),
(20, 245, 'bla'),
(21, 247, 'bla'),
(22, 252, 'gains'),
(23, 255, 'hashtag'),
(24, 266, 'message'),
(26, 285, 'hammerzeug'),
(27, 289, 'hashtag'),
(28, 293, 'retweet'),
(29, 300, 'DASENDENAHT'),
(30, 307, 'message'),
(31, 308, 'message'),
(33, 310, 'hashtag'),
(37, 314, 'hashtag'),
(38, 315, 'hashtag'),
(40, 317, 'hashtag'),
(42, 319, 'hashtag'),
(43, 320, 'hashtag'),
(45, 322, 'hashtag'),
(46, 323, 'hashtag'),
(47, 324, 'hashtag'),
(49, 349, 'buzzit'),
(50, 354, 'buzzit'),
(52, 360, 'buzzit'),
(51, 360, 'rebuzz'),
(53, 362, 'buzzit');

--
-- Daten für Tabelle `buzzit_models_directmessage`
--

INSERT INTO `buzzit_models_directmessage` (`message_ptr_id`, `read`, `receiver_id`) VALUES
(135, 1, 1),
(136, 1, 30),
(137, 1, 30),
(138, 1, 30),
(139, 1, 30),
(140, 1, 30),
(141, 1, 26),
(142, 1, 26),
(143, 1, 26),
(144, 1, 26),
(145, 1, 34),
(146, 0, 35),
(147, 1, 1),
(148, 1, 41),
(149, 0, 20),
(150, 1, 26),
(151, 0, 20),
(152, 0, 20),
(153, 1, 30),
(154, 1, 1),
(155, 1, 1),
(156, 1, 1),
(157, 1, 1),
(158, 1, 1),
(159, 1, 1),
(160, 1, 41),
(161, 1, 1),
(162, 1, 1),
(163, 1, 1),
(164, 1, 41),
(165, 1, 41),
(166, 1, 41),
(167, 1, 41),
(168, 1, 1),
(169, 1, 1),
(170, 1, 1),
(171, 1, 1),
(172, 1, 1),
(173, 1, 1),
(174, 1, 1),
(175, 1, 1),
(176, 1, 1),
(177, 1, 26),
(178, 1, 26),
(179, 1, 26),
(180, 1, 27),
(181, 1, 27),
(182, 1, 27),
(183, 1, 27),
(188, 1, 26),
(190, 1, 1),
(193, 1, 23),
(195, 1, 1),
(197, 1, 1),
(198, 0, 35),
(199, 1, 34),
(200, 1, 34),
(201, 1, 34),
(202, 1, 34),
(203, 1, 34),
(204, 1, 34),
(205, 1, 34),
(207, 1, 1),
(209, 1, 1),
(211, 1, 1),
(213, 1, 1),
(216, 1, 1),
(219, 1, 1),
(220, 1, 1),
(221, 1, 1),
(222, 1, 30),
(223, 1, 1),
(224, 1, 1),
(227, 1, 1),
(230, 0, 35),
(231, 0, 35),
(232, 0, 35),
(233, 0, 35),
(234, 1, 1),
(235, 1, 23),
(237, 1, 33),
(239, 1, 1),
(241, 1, 1),
(242, 1, 33),
(244, 1, 26),
(249, 1, 26),
(251, 1, 26),
(253, 1, 33),
(257, 1, 26),
(259, 1, 26),
(260, 1, 23),
(261, 1, 1),
(262, 1, 30),
(263, 1, 1),
(264, 1, 30),
(265, 1, 30),
(267, 0, 26),
(269, 0, 26),
(271, 1, 1),
(273, 1, 1),
(275, 1, 1),
(277, 1, 1),
(278, 1, 30),
(279, 1, 30),
(280, 1, 30),
(281, 1, 30),
(282, 1, 1),
(284, 1, 30),
(286, 0, 26),
(288, 1, 30),
(290, 1, 22),
(291, 0, 26),
(292, 1, 30),
(294, 0, 26),
(295, 1, 30),
(296, 0, 31),
(298, 1, 1),
(299, 1, 30),
(301, 0, 26),
(302, 0, 49),
(303, 1, 1),
(304, 1, 24),
(305, 1, 23),
(306, 1, 30),
(326, 1, 1),
(328, 1, 1),
(330, 1, 1),
(332, 1, 1),
(333, 1, 24),
(335, 1, 23),
(336, 1, 24),
(337, 1, 24),
(338, 1, 24),
(339, 0, 26),
(340, 0, 35),
(341, 1, 23),
(342, 1, 23),
(344, 1, 24),
(346, 1, 1),
(347, 0, 35),
(348, 1, 1),
(351, 1, 1),
(353, 1, 1),
(355, 1, 1),
(356, 1, 1),
(357, 1, 22),
(358, 1, 1),
(359, 1, 22),
(361, 1, 1),
(364, 1, 1),
(365, 1, 1),
(366, 1, 22),
(368, 1, 1),
(370, 1, 22),
(378, 1, 1),
(380, 1, 24),
(382, 1, 24),
(384, 1, 24);

--
-- Daten für Tabelle `buzzit_models_message`
--

INSERT INTO `buzzit_models_message` (`id`, `created`, `text`, `creator_id`) VALUES
(1, '2015-06-08 12:55:24', 'HACKED', 24),
(3, '2015-06-08 12:38:38', 'HACKED', 1),
(4, '2015-06-08 14:39:25', 'HACKED', 1),
(5, '2015-06-08 14:43:17', 'HACKED', 1),
(6, '2015-06-08 14:45:55', 'HACKED', 1),
(7, '2015-06-08 14:48:21', 'HACKED', 1),
(8, '2015-06-08 14:49:24', 'HACKED', 1),
(9, '2015-06-08 14:49:35', 'HACKED', 1),
(10, '2015-06-08 14:50:19', 'HACKED', 1),
(11, '2015-06-08 14:50:48', 'HACKED', 1),
(13, '2015-06-09 11:39:12', 'HACKED', 26),
(14, '2015-06-09 11:39:41', 'HACKED', 26),
(18, '2015-06-10 14:16:32', 'HACKED', 26),
(19, '2015-06-10 14:17:40', 'HACKED', 26),
(20, '2015-06-10 15:25:39', 'HACKED', 1),
(22, '2015-06-10 15:38:19', 'HACKED', 26),
(23, '2015-06-10 15:39:04', 'HACKED', 26),
(24, '2015-06-10 17:00:11', 'HACKED', 26),
(25, '2015-06-10 17:05:00', 'HACKED', 30),
(28, '2015-06-11 13:49:22', 'HACKED', 34),
(29, '2015-06-11 13:49:59', 'HACKED', 34),
(30, '2015-06-11 13:54:24', 'HACKED', 26),
(31, '2015-06-11 14:05:30', 'HACKED', 26),
(32, '2015-06-11 14:12:26', 'HACKED', 26),
(35, '2015-06-11 18:16:14', 'HACKED', 24),
(37, '2015-06-11 18:33:09', 'HACKED', 36),
(38, '2015-06-11 18:53:46', 'HACKED', 22),
(39, '2015-06-11 18:53:57', 'HACKED', 22),
(40, '2015-06-12 05:26:36', 'HACKED', 30),
(41, '2015-06-12 05:28:43', 'HACKED', 31),
(42, '2015-06-12 05:29:21', 'HACKED', 30),
(43, '2015-06-12 10:45:57', 'HACKED', 1),
(44, '2015-06-12 11:05:59', 'HACKED', 1),
(45, '2015-06-12 11:16:42', 'HACKED', 1),
(46, '2015-06-12 11:17:49', 'HACKED', 1),
(47, '2015-06-12 11:29:07', 'HACKED', 22),
(48, '2015-06-12 12:33:48', 'HACKED', 1),
(49, '2015-06-15 21:42:41', 'HACKED', 24),
(50, '2015-06-15 22:31:22', 'HACKED', 24),
(51, '2015-06-15 22:32:46', 'HACKED', 24),
(52, '2015-06-15 23:09:05', 'HACKED', 24),
(55, '2015-06-18 13:10:19', 'HACKED', 40),
(56, '2015-06-18 13:12:07', 'HACKED', 40),
(60, '2015-06-18 14:49:59', 'HACKED', 40),
(70, '2015-06-19 15:36:31', 'HACKED', 40),
(71, '2015-06-19 15:38:11', 'HACKED', 40),
(72, '2015-06-19 21:07:05', 'HACKED', 1),
(73, '2015-06-19 21:17:15', 'HACKED', 1),
(74, '2015-06-19 21:18:27', 'HACKED', 1),
(75, '2015-06-19 21:20:03', 'HACKED', 1),
(76, '2015-06-20 08:48:41', 'HACKED', 1),
(77, '2015-06-20 08:52:37', 'HACKED', 1),
(78, '2015-06-20 08:53:33', 'HACKED', 1),
(79, '2015-06-20 08:55:04', 'HACKED', 1),
(80, '2015-06-20 08:55:54', 'HACKED', 1),
(81, '2015-06-20 08:56:33', 'HACKED', 1),
(82, '2015-06-20 08:57:37', 'HACKED', 1),
(83, '2015-06-20 08:58:25', 'HACKED', 1),
(84, '2015-06-20 08:59:24', 'HACKED', 1),
(85, '2015-06-20 09:05:25', 'HACKED', 1),
(86, '2015-06-20 09:06:58', 'HACKED', 1),
(89, '2015-06-20 09:40:34', 'HACKED', 1),
(90, '2015-06-20 09:41:00', 'HACKED', 1),
(100, '2015-06-20 12:17:53', 'HACKED', 1),
(102, '2015-06-20 12:32:41', 'HACKED', 41),
(104, '2015-06-20 12:33:24', 'HACKED', 41),
(106, '2015-06-20 12:35:53', 'HACKED', 1),
(107, '2015-06-20 12:38:32', 'HACKED', 1),
(114, '2015-06-20 14:03:18', 'HACKED', 1),
(119, '2015-06-22 11:44:56', 'HACKED', 26),
(120, '2015-06-22 11:59:54', 'HACKED', 26),
(122, '2015-06-22 12:01:22', 'HACKED', 26),
(127, '2015-06-22 13:51:28', 'HACKED', 1),
(128, '2015-06-22 15:38:24', 'HACKED', 1),
(129, '2015-06-22 16:21:38', 'HACKED', 1),
(133, '2015-06-23 04:30:10', 'HACKED', 1),
(134, '2015-06-23 04:50:18', 'HACKED', 1),
(135, '2015-06-23 20:00:00', 'direktnachricht 1', 30),
(136, '2015-06-23 18:22:54', 'meine antwort', 1),
(137, '2015-06-23 18:24:21', 'meine zweite antwort', 1),
(138, '2015-06-23 18:24:31', 'und dann die dritte nachricht', 1),
(139, '2015-06-23 18:24:40', 'blub die vierte', 1),
(140, '2015-06-23 18:52:34', 'fünfte antwort', 1),
(141, '2015-06-23 19:19:47', 'nachricht an cheng', 1),
(142, '2015-06-23 19:23:14', 'zweite nachricht', 1),
(143, '2015-06-23 19:26:25', 'dritte nachricht', 1),
(144, '2015-06-23 19:33:23', 'vierte nachricht', 1),
(145, '2015-06-23 19:34:04', 'lalala gehackt', 1),
(146, '2015-06-23 19:35:35', 'eine nachricht an c3', 1),
(147, '2015-06-23 19:36:44', 'nachricht an david', 41),
(148, '2015-06-23 19:39:52', 'ok läuft', 1),
(149, '2015-06-23 19:57:33', 'nachricht an ulrike', 1),
(150, '2015-06-23 19:58:02', 'fünfte nachricht', 1),
(151, '2015-06-23 20:16:11', 'hallo\r\nzweizeiler', 1),
(152, '2015-06-23 20:16:24', 'hallo zweizeilerhallo zweizeilerhallo zweizeilerhallo zweizeilerhallo zweizeilerhallo zweizeilerhallo zweizeilerhallo zweizeiler', 1),
(153, '2015-06-23 20:16:58', 'hallo zweizeilerhallo zweizeilerhallo zweizeilerhallo zweizeilerhallo zweizeilerhallo zweizeilerhallo zweizeilerhallo zweizeilerhallo zweize', 1),
(154, '2015-06-23 20:32:23', 'test', 41),
(155, '2015-06-23 20:33:06', 'test2', 41),
(156, '2015-06-23 20:34:18', 'rerer', 41),
(157, '2015-06-23 20:41:25', 'blzub', 41),
(158, '2015-06-23 20:45:36', 'tttt', 41),
(159, '2015-06-23 20:46:35', 'www', 41),
(160, '2015-06-23 20:48:48', 'bla bla', 1),
(161, '2015-06-23 20:49:28', 'wow bla bla', 41),
(162, '2015-06-23 20:50:05', 'test', 41),
(163, '2015-06-23 20:50:21', 'test2', 41),
(164, '2015-06-23 20:51:24', 'bla bla', 1),
(165, '2015-06-23 20:51:59', 'nhddasd', 1),
(166, '2015-06-23 20:53:36', '23432432', 1),
(167, '2015-06-23 20:56:08', 'tatd', 1),
(168, '2015-06-23 20:56:28', 'kommt nur einmal an', 41),
(169, '2015-06-23 21:00:41', 'fdsff', 41),
(170, '2015-06-23 21:04:21', 'Idavid1000 folgt Dir nicht mehr', 39),
(171, '2015-06-23 21:07:43', 'Idavid1000 folgt Dir jetzt', 39),
(172, '2015-06-23 21:08:57', '<script>alert("hi");</script>', 41),
(173, '2015-06-23 21:17:52', 'blub', 41),
(174, '2015-06-23 21:18:09', 'blub lbu', 41),
(175, '2015-06-23 21:18:48', 'zzz', 30),
(176, '2015-06-23 21:26:39', 'interessant', 30),
(177, '2015-06-23 22:08:15', 'ey', 23),
(178, '2015-06-23 22:08:19', 'hallo', 23),
(179, '2015-06-23 22:08:35', 'alles klar?\r\n', 23),
(180, '2015-06-23 22:08:55', 'asdsadsa', 23),
(181, '2015-06-23 22:08:57', 'asdasdas', 23),
(182, '2015-06-23 22:09:18', 'asdssdasd asdasdsaasd asdassdasdasda asdasdasdasd', 23),
(183, '2015-06-23 22:09:29', 'qwweqwwqeqwe qweqweqweq qweqweqwew qwweqwwqeqwe qweqweqweq qweqweqwew qwweqwwqeqwe qweqweqweq qweqweqwew qwweqwwqeqwe qweqweqweq qweqweqwew ', 23),
(186, '2015-06-23 22:30:45', 'retweet', 1),
(187, '2015-06-23 22:33:01', 'repost', 1),
(188, '2015-06-23 22:33:01', 'IDein Post <id:122> wurde gepostet', 39),
(189, '2015-06-23 22:47:10', 'aiaiai', 1),
(190, '2015-06-23 22:47:10', 'IDein Post <id:187> hat eine neue Antwort', 39),
(191, '2015-06-23 22:48:16', 'todo: nachrichten zu themen auflisten', 1),
(192, '2015-06-23 22:52:15', 'todo: auf post klicken um alle antworten anzugeigen', 1),
(193, '2015-06-23 23:14:54', '<yxy<', 23),
(195, '2015-06-23 23:15:53', 'IDein Post <id:192> wurde gepostet', 39),
(197, '2015-06-23 23:16:21', 'IDein Post <id:192> hat eine neue Antwort', 39),
(198, '2015-06-23 23:17:59', 'y', 23),
(199, '2015-06-23 23:18:04', 'y', 23),
(200, '2015-06-23 23:18:09', 'y<xy<x', 23),
(201, '2015-06-23 23:18:11', 'y<xy<x', 23),
(202, '2015-06-23 23:18:13', 'y<xy<xy<y<', 23),
(203, '2015-06-23 23:18:15', 'yxy<x<y', 23),
(204, '2015-06-23 23:18:17', '<yxy<x', 23),
(205, '2015-06-23 23:18:19', '<yxy<xy', 23),
(206, '2015-06-24 06:23:45', 'a1', 1),
(207, '2015-06-24 06:23:45', 'IDein Post <id:192> hat eine neue Antwort', 39),
(208, '2015-06-24 06:23:51', 'a2', 1),
(209, '2015-06-24 06:23:51', 'IDein Post <id:192> hat eine neue Antwort', 39),
(210, '2015-06-24 06:23:58', 'a3', 1),
(211, '2015-06-24 06:23:58', 'IDein Post <id:192> hat eine neue Antwort', 39),
(212, '2015-06-24 06:24:06', 'a4', 1),
(213, '2015-06-24 06:24:06', 'IDein Post <id:192> hat eine neue Antwort', 39),
(215, '2015-06-24 06:26:03', 'david wurde gementioned und XSS thema', 1),
(216, '2015-06-24 06:26:03', 'IDu wurdest in einem Post erwaehnt: <POST:215>', 39),
(217, '2015-06-24 06:54:58', 'XSS thema public', 30),
(218, '2015-06-24 06:55:26', 'XSS thema im kreis', 30),
(219, '2015-06-24 07:21:54', 'Idavid2 folgt Dir nicht mehr', 39),
(220, '2015-06-24 07:26:02', 'I<USER:david2> folgt Dir jetzt', 39),
(221, '2015-06-24 10:14:09', 'hallo ', 30),
(222, '2015-06-24 10:14:24', 'hhalo zurückl', 1),
(223, '2015-06-24 10:36:38', 'hallo neu', 31),
(224, '2015-06-24 10:38:34', 'blub', 31),
(225, '2015-06-24 10:40:36', '1'' or ''1'' = ''1''))/*', 1),
(226, '2015-06-24 10:42:00', 'funktioniert wohl nicht', 1),
(227, '2015-06-24 10:42:00', 'IDein Post <POST:225> hat eine neue Antwort', 39),
(228, '2015-06-24 11:04:34', 'SELECT Username FROM Users WHERE ID=1 ', 1),
(229, '2015-06-24 11:04:43', '*', 1),
(230, '2015-06-24 16:12:57', 'asdasda', 23),
(231, '2015-06-24 16:12:59', 'asdasdad', 23),
(232, '2015-06-24 16:13:01', 'sadsad', 23),
(233, '2015-06-24 16:13:05', 'asdsadadsa', 23),
(234, '2015-06-24 19:08:27', 'test test test', 26),
(235, '2015-06-24 19:08:43', 'ich bin ein hayvan', 26),
(236, '2015-06-24 19:10:03', 'c1 link test', 26),
(237, '2015-06-24 19:10:03', 'IDu wurdest in einem Post erwaehnt: <POST:236>', 39),
(238, '2015-06-24 19:11:22', 'a5', 26),
(239, '2015-06-24 19:11:22', 'IDein Post <POST:192> hat eine neue Antwort', 39),
(240, '2015-06-24 19:11:34', 'a5', 26),
(241, '2015-06-24 19:11:35', 'IDein Post <POST:192> hat eine neue Antwort', 39),
(242, '2015-06-24 19:14:09', 'was los hayvan?', 26),
(243, '2015-06-24 19:15:19', 'cheng #cooler_typ', 26),
(244, '2015-06-24 19:15:20', 'IDu wurdest in einem Post erwaehnt: <POST:243>', 39),
(245, '2015-06-24 19:17:16', 'bla ', 26),
(246, '2015-06-24 19:18:12', 'fdsjsjfj #bla', 26),
(247, '2015-06-24 19:18:50', 'asdsad bla ', 26),
(248, '2015-06-24 19:31:16', 'retweet', 26),
(249, '2015-06-24 19:31:17', 'IDein Post <POST:236> wurde repostet', 39),
(250, '2015-06-24 19:32:44', 'antwort auf retweet', 26),
(251, '2015-06-24 19:32:44', 'IDein Post <POST:248> hat eine neue Antwort', 39),
(252, '2015-06-24 19:36:43', 'c1 chengs army kreisnachricht gains ', 26),
(253, '2015-06-24 19:36:44', 'IDu wurdest in einem Post erwaehnt: <POST:252>', 39),
(254, '2015-06-24 19:37:34', '#hashtag', 26),
(255, '2015-06-24 19:38:15', 'hashtag ', 26),
(256, '2015-06-24 19:40:06', 'das sind die gaaaaaiiins', 33),
(257, '2015-06-24 19:40:06', 'IDein Post <POST:252> wurde repostet', 39),
(258, '2015-06-24 19:43:06', 'yooo gaaaaaiiiins', 34),
(259, '2015-06-24 19:43:07', 'IDein Post <POST:252> hat eine neue Antwort', 39),
(260, '2015-06-24 19:43:52', 'du lutscher', 34),
(261, '2015-06-25 11:00:30', 'n1', 30),
(262, '2015-06-25 11:00:54', 'n1 antwort', 1),
(263, '2015-06-25 11:01:06', 'läuft', 30),
(264, '2015-06-25 11:01:43', 'super', 1),
(265, '2015-06-25 11:01:57', 'noch neuer', 1),
(266, '2015-06-25 11:09:11', 'eine message in allen kreisen mentiones cheng ', 1),
(267, '2015-06-25 11:09:12', 'IDu wurdest in einem Post erwaehnt: <POST:266>', 39),
(269, '2015-06-25 11:18:07', 'IDein Post <POST:248> hat eine neue Antwort', 39),
(270, '2015-06-25 12:23:01', 'antwort', 1),
(271, '2015-06-25 12:23:01', 'IDein Post <POST:192> hat eine neue Antwort', 39),
(272, '2015-06-25 12:24:15', 'zweimal schnell geklickt', 1),
(273, '2015-06-25 12:24:15', 'IDein Post <POST:192> hat eine neue Antwort', 39),
(274, '2015-06-25 12:24:15', 'zweimal schnell geklickt', 1),
(275, '2015-06-25 12:24:15', 'IDein Post <POST:192> hat eine neue Antwort', 39),
(276, '2015-06-25 12:24:15', 'zweimal schnell geklickt', 1),
(277, '2015-06-25 12:24:15', 'IDein Post <POST:192> hat eine neue Antwort', 39),
(278, '2015-06-25 12:27:46', 'an david2', 1),
(279, '2015-06-25 12:28:44', 'nochmal etwas anderes an david2', 1),
(280, '2015-06-25 12:28:53', 'uiuiui', 1),
(281, '2015-06-25 12:29:12', 'test nachricht 432432', 1),
(282, '2015-06-25 12:29:32', 'beide richtungen', 30),
(283, '2015-06-25 12:30:04', 'david2 wird erwähnt', 1),
(284, '2015-06-25 12:30:04', 'IDu wurdest in einem Post erwaehnt: <POST:283>', 39),
(285, '2015-06-25 12:31:25', 'hammerzeug ', 22),
(286, '2015-06-25 12:31:26', 'IDein Post <POST:254> hat eine neue Antwort', 39),
(287, '2015-06-25 12:31:12', 'abtwort', 1),
(288, '2015-06-25 12:31:12', 'IDein Post <POST:218> hat eine neue Antwort', 39),
(289, '2015-06-25 12:32:37', 'hashtag JanMennen ', 22),
(290, '2015-06-25 12:32:37', 'IDu wurdest in einem Post erwaehnt: <POST:289>', 39),
(291, '2015-06-25 12:33:44', 'Hallo', 22),
(292, '2015-06-25 12:33:46', 'schreibe was neues', 31),
(293, '2015-06-25 12:37:11', 'Ein retweet retweet ', 22),
(294, '2015-06-25 12:37:12', 'IDein Post <POST:236> wurde repostet', 39),
(295, '2015-06-25 12:39:29', 'I<USER:david3> folgt Dir jetzt', 39),
(296, '2015-06-25 12:39:34', 'Hallo', 22),
(298, '2015-06-25 12:43:29', 'IDu wurdest in einem Post erwaehnt: <POST:297>', 39),
(299, '2015-06-25 12:43:52', 'neue nachricht', 31),
(300, '2015-06-25 12:44:46', 'cheng floriantest david dong DASENDENAHT ', 22),
(301, '2015-06-25 12:44:46', 'IDu wurdest in einem Post erwaehnt: <POST:300>', 39),
(302, '2015-06-25 12:44:46', 'IDu wurdest in einem Post erwaehnt: <POST:300>', 39),
(303, '2015-06-25 12:44:46', 'IDu wurdest in einem Post erwaehnt: <POST:300>', 39),
(304, '2015-06-25 12:44:46', 'IDu wurdest in einem Post erwaehnt: <POST:300>', 39),
(305, '2015-06-25 13:10:36', '12312312312312312', 23),
(306, '2015-06-25 14:16:38', 'I<USER:david> folgt Dir nicht mehr', 39),
(307, '2015-06-25 14:20:04', 'public message ', 1),
(308, '2015-06-25 14:22:27', 'kreis message ', 1),
(310, '2015-06-25 14:28:33', 'hashtag ', 1),
(314, '2015-06-25 14:31:23', 'hashtag n1', 30),
(315, '2015-06-25 14:31:32', 'hashtag n2', 30),
(317, '2015-06-25 14:32:42', 'hashtag  test2', 23),
(319, '2015-06-25 14:34:24', 'eine nachricht mit hashtag ', 30),
(320, '2015-06-25 14:35:47', 'nachricht mit hashtag ', 30),
(322, '2015-06-25 14:38:11', 'hashtag Nachricht?', 27),
(323, '2015-06-25 14:38:15', 'mein hashtag public', 1),
(324, '2015-06-25 14:38:55', 'mein hashtag im kreis', 1),
(326, '2015-06-25 14:42:21', 'I<USER:david> folgt Dir jetzt', 39),
(328, '2015-06-25 14:54:41', 'IDein Post <POST:266> wurde repostet', 39),
(329, '2015-06-25 15:01:30', 'retweet', 1),
(330, '2015-06-25 15:01:30', 'IDein Post <POST:324> wurde repostet', 39),
(331, '2015-06-25 15:02:33', 'blabla....', 24),
(332, '2015-06-25 15:04:06', 'I<USER:david> folgt Dir nicht mehr', 39),
(333, '2015-06-25 15:11:32', 'nachrichte zu mir selber', 24),
(335, '2015-06-25 15:12:04', 'IDein Post <POST:317> wurde repostet', 39),
(336, '2015-06-25 15:14:08', 'ich ich ich ich ich\r\n', 24),
(337, '2015-06-25 15:14:19', 'dong dong dong', 24),
(338, '2015-06-25 15:14:28', 'noch mal', 24),
(339, '2015-06-25 15:16:09', 'ja, ein wurm', 23),
(340, '2015-06-25 15:17:27', 'I<USER:hans> folgt Dir jetzt', 39),
(341, '2015-06-25 15:18:10', 'I<USER:hans> folgt Dir nicht mehr', 39),
(342, '2015-06-25 15:18:41', 'I<USER:hans> folgt Dir jetzt', 39),
(343, '2015-06-25 15:19:31', 'du du du', 36),
(344, '2015-06-25 15:19:31', 'IDein Post <POST:331> hat eine neue Antwort', 39),
(345, '2015-06-25 15:21:10', 'repost', 1),
(346, '2015-06-25 15:21:10', 'IDein Post <POST:324> wurde repostet', 39),
(347, '2015-06-25 15:23:35', 'asdasd', 23),
(348, '2015-06-25 15:29:53', 'neueneu', 30),
(349, '2015-06-26 12:09:22', 'Es funktioniert buzzit ', 22),
(350, '2015-06-26 12:09:40', 'david Hallo', 22),
(351, '2015-06-26 12:09:40', 'IDu wurdest in einem Post erwaehnt: <POST:350>', 39),
(352, '2015-06-26 12:09:55', 'Eine antwort', 22),
(353, '2015-06-26 12:09:55', 'IDein Post <POST:345> hat eine neue Antwort', 39),
(354, '2015-06-26 12:11:31', 'david hallo2 buzzit ', 22),
(355, '2015-06-26 12:11:31', 'IDu wurdest in einem Post erwaehnt: <POST:354>', 39),
(356, '2015-06-26 12:14:18', 'Hallo', 22),
(357, '2015-06-26 12:14:33', 'Hallo Hallo', 1),
(358, '2015-06-26 12:14:44', 'test\r\n', 22),
(359, '2015-06-26 12:14:57', 'Testtest', 1),
(360, '2015-06-26 12:16:28', 'rebuzz buzzit ', 22),
(361, '2015-06-26 12:16:28', 'IDein Post <POST:323> wurde repostet', 39),
(362, '2015-06-26 12:20:59', 'buzzit kjgkh', 22),
(363, '2015-06-26 12:21:51', 'david hallo', 22),
(364, '2015-06-26 12:21:51', 'IDu wurdest in einem Post erwaehnt: <POST:363>', 39),
(365, '2015-06-26 12:22:55', 'hallo\r\n', 22),
(366, '2015-06-26 12:23:27', 'test', 1),
(367, '2015-06-26 12:25:04', 'Hallo', 22),
(368, '2015-06-26 12:25:04', 'IDein Post <POST:324> wurde repostet', 39),
(369, '2015-06-26 12:26:17', 'test', 22),
(370, '2015-06-26 12:26:17', 'IDein Post <POST:363> hat eine neue Antwort', 39),
(371, '2015-07-01 18:59:32', 'bla bla', 1),
(372, '2015-07-01 19:18:32', 'neuer post via api', 1),
(373, '2015-07-02 12:01:30', 'neue nachricht in kreis3', 1),
(374, '2015-07-02 12:04:22', 'neue nachricht im kreis', 1),
(375, '2015-07-02 12:06:30', 'neue nachricht in einem kreis, der mir nicht gehört', 1),
(378, '2015-07-02 12:15:03', 'IDein Post <POST:376> wurde repostet', 39),
(379, '2015-07-03 09:44:50', 'antwort ', 24),
(380, '2015-07-03 09:44:50', 'IDein Post <POST:331> hat eine neue Antwort', 39),
(381, '2015-07-03 09:46:22', 'rebuzz from dong', 24),
(382, '2015-07-03 09:46:22', 'IDein Post <POST:331> wurde repostet', 39),
(383, '2015-07-03 09:47:06', 'antwort rebuzz ', 24),
(384, '2015-07-03 09:47:06', 'IDein Post <POST:381> hat eine neue Antwort', 39),
(387, '2015-07-08 15:27:59', 'user gefällt mir nicht', 1),
(388, '2015-07-08 15:38:19', 'nervt', 1),
(390, '2015-07-08 15:41:33', 'zweiter report', 1),
(391, '2015-07-08 15:42:54', 'dritter report', 1),
(392, '2015-07-08 16:18:01', 'zu viel sonne', 1),
(393, '2015-07-08 16:18:49', 'total unangemessen', 1);

--
-- Daten für Tabelle `buzzit_models_profile`
--

INSERT INTO `buzzit_models_profile` (`user_id`, `description`, `gender`, `profile_picture_full`, `profile_picture_small`, `profile_picture`) VALUES
(1, 'Description ..................................................... bla bla bla\r\n\r\nbla bla 2', 'm', './IMG_20150407_234908.jpg', './pp_pzeJ4qR.jpg', NULL),
(17, '', '', NULL, NULL, NULL),
(18, '', '', NULL, NULL, NULL),
(19, NULL, NULL, NULL, NULL, NULL),
(20, 'Ulrikes Beschreibung von sich selbst!', 'f', NULL, NULL, NULL),
(21, '', '', NULL, NULL, NULL),
(22, '', '', './bagshaw_battaile_falls.jpg', './pp_cRdTbbC.jpg', NULL),
(23, 'hey', 'm', './Jellyfish.jpg', './pp_elk5Wig.jpg', NULL),
(24, 't...e...s...t\r\nchang somthing to test\r\nsolo\r\nsolo', 'm', './berlin-skyline.jpg', './pp_AZl2BdU.jpg', NULL),
(26, 'yooooooooooo', 'm', './real-madrid-2013.jpg', './pp.jpg', NULL),
(27, '', '', NULL, NULL, NULL),
(28, '', '', NULL, NULL, NULL),
(30, '', '', NULL, NULL, NULL),
(31, '', '', NULL, NULL, NULL),
(32, '', '', NULL, NULL, NULL),
(33, 'aaa', '', '', '', NULL),
(34, '', '', NULL, NULL, NULL),
(35, '', '', NULL, NULL, NULL),
(36, '', '', NULL, NULL, NULL),
(37, '', '', NULL, NULL, NULL),
(38, '', '', NULL, NULL, NULL),
(39, '', '', './Portrait_placeholder.png', './Portrait_placeholder_CxC6WAz.png', ''),
(40, 'Eine Beschreibung von mir ', '', NULL, NULL, NULL),
(41, '', '', '', '', NULL),
(49, '', '', NULL, NULL, 'https://placehold.it/128x128'),
(50, '', '', '', '', NULL),
(51, '', '', '', '', NULL),
(52, '', '', '', '', NULL),
(53, '', '', '', '', NULL),
(54, '', '', '', '', NULL),
(55, '', '', '', '', NULL);

--
-- Daten für Tabelle `buzzit_models_profile_follows`
--

INSERT INTO `buzzit_models_profile_follows` (`id`, `from_profile_id`, `to_profile_id`) VALUES
(17, 1, 17),
(19, 1, 18),
(47, 1, 19),
(44, 1, 26),
(45, 1, 27),
(67, 1, 33),
(68, 1, 34),
(75, 1, 40),
(20, 22, 1),
(63, 22, 26),
(74, 23, 1),
(25, 23, 17),
(26, 23, 18),
(27, 23, 20),
(28, 23, 21),
(29, 23, 22),
(85, 23, 23),
(31, 23, 24),
(78, 23, 26),
(33, 23, 27),
(34, 23, 28),
(35, 23, 30),
(36, 23, 31),
(37, 23, 32),
(84, 23, 35),
(60, 24, 1),
(59, 24, 19),
(58, 24, 23),
(69, 24, 36),
(24, 26, 1),
(39, 26, 17),
(40, 26, 19),
(41, 26, 22),
(56, 26, 23),
(42, 26, 26),
(54, 26, 33),
(55, 26, 34),
(81, 30, 1),
(23, 31, 1),
(82, 31, 30),
(50, 33, 26),
(48, 33, 34),
(49, 33, 35),
(52, 34, 26),
(53, 34, 33),
(51, 34, 34),
(70, 36, 21),
(61, 36, 24),
(73, 38, 24),
(71, 38, 36),
(80, 41, 1);

--
-- Daten für Tabelle `buzzit_models_report`
--

INSERT INTO `buzzit_models_report` (`message_ptr_id`, `closed`, `valid`, `issuer_id`) VALUES
(387, 1, 0, 1),
(388, 1, 0, 1),
(390, 1, 0, 1),
(391, 1, 0, 1),
(392, 0, 0, NULL),
(393, 0, 0, NULL);

--
-- Daten für Tabelle `buzzit_models_settings`
--

INSERT INTO `buzzit_models_settings` (`owner_id`, `show_own_messages_on_home_screen`) VALUES
(1, 1),
(22, 1),
(23, 1),
(24, 1),
(26, 1),
(27, 1),
(30, 1),
(31, 1),
(32, 1),
(33, 1),
(34, 1),
(36, 1),
(37, 1),
(40, 1),
(41, 1),
(49, 1);

--
-- Daten für Tabelle `buzzit_models_theme`
--

INSERT INTO `buzzit_models_theme` (`name`) VALUES
('bla'),
('bleach'),
('buzzit'),
('c1'),
('DASENDENAHT'),
('FirstPost'),
('gains'),
('hammerzeug'),
('hashtag'),
('kreis'),
('message'),
('rebuzz'),
('retweet'),
('unsagelinks'),
('XSS');

--
-- Daten für Tabelle `buzzit_models_userreport`
--

INSERT INTO `buzzit_models_userreport` (`report_ptr_id`, `reported_user_id`) VALUES
(388, 1),
(390, 1),
(391, 1),
(392, 22);

--
-- Daten für Tabelle `django_admin_log`
--

INSERT INTO `django_admin_log` (`id`, `action_time`, `object_id`, `object_repr`, `action_flag`, `change_message`, `content_type_id`, `user_id`) VALUES
(1, '2015-05-20 19:20:04', '1', 'Profile object', 1, '', 7, 1),
(2, '2015-05-20 19:20:56', '1', 'Profile object', 2, 'Changed profile_picture, description and gender.', 7, 1),
(3, '2015-05-20 19:24:57', '1', 'Profile object', 2, 'Changed profile_picture.', 7, 1),
(4, '2015-05-21 09:53:01', '2', 'karl', 1, '', 4, 1),
(5, '2015-05-21 09:53:15', '2', 'Profile object', 1, '', 7, 1),
(6, '2015-05-21 09:53:33', '3', 'miriam', 1, '', 4, 1),
(7, '2015-05-21 09:53:44', '3', 'Profile object', 1, '', 7, 1),
(8, '2015-05-21 20:24:27', '7', 'Profile object', 3, '', 7, 1),
(9, '2015-05-21 20:24:27', '3', 'Profile object', 3, '', 7, 1),
(10, '2015-05-21 20:24:28', '2', 'Profile object', 3, '', 7, 1),
(11, '2015-05-21 20:25:04', '4', 'david123', 3, '', 4, 1),
(12, '2015-05-21 20:25:04', '5', 'david9', 3, '', 4, 1),
(13, '2015-05-21 20:25:04', '2', 'karl', 3, '', 4, 1),
(14, '2015-05-21 20:25:05', '7', 'lele', 3, '', 4, 1),
(15, '2015-05-21 20:25:05', '3', 'miriam', 3, '', 4, 1),
(16, '2015-05-21 20:25:05', '6', 'uiui', 3, '', 4, 1),
(17, '2015-06-16 17:11:19', '39', 'SYSTEM', 1, '', 4, 1),
(18, '2015-06-16 17:11:52', '53', 'Directmessage object', 1, '', 13, 1),
(19, '2015-06-18 15:34:35', '68', 'Directmessage object', 1, '', 13, 1),
(20, '2015-06-18 15:35:48', '68', 'Directmessage object', 2, 'No fields changed.', 13, 1),
(21, '2015-06-18 15:36:02', '69', 'Directmessage object', 1, '', 13, 1),
(22, '2015-06-20 10:48:07', '39', 'Profile object', 1, '', 7, 1),
(23, '2015-06-20 10:52:53', '39', 'Profile object', 2, 'Changed profile_picture_full, profile_picture_small and follows.', 7, 1),
(24, '2015-06-21 10:26:34', '42', 'davidNeu', 3, '', 4, 1),
(25, '2015-06-21 10:26:34', '43', 'davidNeu2', 3, '', 4, 1),
(26, '2015-06-21 10:26:34', '44', 'davidNeu3', 3, '', 4, 1),
(27, '2015-06-21 10:26:34', '45', 'davidNeu4', 3, '', 4, 1),
(28, '2015-06-21 10:26:34', '46', 'davidNeu5', 3, '', 4, 1),
(29, '2015-06-21 10:34:39', '47', 'davidNeu', 3, '', 4, 1),
(30, '2015-06-21 10:34:39', '48', 'davidNeu2', 3, '', 4, 1),
(31, '2015-06-23 15:54:35', '69', 'Directmessage object', 3, '', 13, 1),
(32, '2015-06-23 15:54:35', '68', 'Directmessage object', 3, '', 13, 1),
(33, '2015-06-23 18:12:03', '135', 'Directmessage object', 1, '', 13, 1);

--
-- Daten für Tabelle `django_content_type`
--

INSERT INTO `django_content_type` (`id`, `app_label`, `model`) VALUES
(1, 'admin', 'logentry'),
(3, 'auth', 'group'),
(2, 'auth', 'permission'),
(4, 'auth', 'user'),
(15, 'buzzit_models', 'accountactivation'),
(9, 'buzzit_models', 'circle'),
(18, 'buzzit_models', 'circlemessagereport'),
(10, 'buzzit_models', 'circle_message'),
(13, 'buzzit_models', 'directmessage'),
(8, 'buzzit_models', 'message'),
(7, 'buzzit_models', 'profile'),
(16, 'buzzit_models', 'report'),
(11, 'buzzit_models', 'settings'),
(14, 'buzzit_models', 'theme'),
(17, 'buzzit_models', 'userreport'),
(5, 'contenttypes', 'contenttype'),
(12, 'notifications', 'notification'),
(6, 'sessions', 'session');

--
-- Daten für Tabelle `django_migrations`
--

INSERT INTO `django_migrations` (`id`, `app`, `name`, `applied`) VALUES
(1, 'contenttypes', '0001_initial', '2015-05-20 19:09:25'),
(2, 'auth', '0001_initial', '2015-05-20 19:09:26'),
(3, 'admin', '0001_initial', '2015-05-20 19:09:27'),
(4, 'contenttypes', '0002_remove_content_type_name', '2015-05-20 19:09:27'),
(5, 'auth', '0002_alter_permission_name_max_length', '2015-05-20 19:09:28'),
(6, 'auth', '0003_alter_user_email_max_length', '2015-05-20 19:09:28'),
(7, 'auth', '0004_alter_user_username_opts', '2015-05-20 19:09:28'),
(8, 'auth', '0005_alter_user_last_login_null', '2015-05-20 19:09:28'),
(9, 'auth', '0006_require_contenttypes_0002', '2015-05-20 19:09:29'),
(10, 'buzzit_models', '0001_initial', '2015-05-20 19:09:30'),
(11, 'sessions', '0001_initial', '2015-05-20 19:09:30'),
(12, 'buzzit_models', '0002_auto_20150602_0721', '2015-06-02 05:22:52'),
(13, 'buzzit_models', '0003_circle_name', '2015-06-02 20:15:53'),
(14, 'buzzit_models', '0004_auto_20150602_2232', '2015-06-02 20:32:19'),
(15, 'buzzit_models', '0005_profile_follows', '2015-06-02 21:24:37'),
(16, 'buzzit_models', '0006_auto_20150605_1443', '2015-06-05 12:43:25'),
(17, 'buzzit_models', '0007_auto_20150605_1534', '2015-06-05 13:35:30'),
(18, 'buzzit_models', '0008_auto_20150605_1535', '2015-06-05 13:35:30'),
(19, 'buzzit_models', '0009_auto_20150605_1535', '2015-06-05 13:36:01'),
(20, 'buzzit_models', '0010_settings', '2015-06-12 10:26:19'),
(21, 'notifications', '0001_initial', '2015-06-14 18:53:58'),
(22, 'notifications', '0002_auto_20150224_1134', '2015-06-14 18:53:58'),
(23, 'notifications', '0003_notification_data', '2015-06-14 18:53:59'),
(24, 'buzzit_models', '0011_auto_20150615_1909', '2015-06-15 17:09:33'),
(25, 'buzzit_models', '0012_circle_message_public', '2015-06-20 08:34:26'),
(26, 'buzzit_models', '0013_auto_20150620_1235', '2015-06-20 10:35:40'),
(27, 'buzzit_models', '0014_profile_profile_picture', '2015-06-20 10:44:35'),
(28, 'buzzit_models', '0015_accountactivation', '2015-06-21 10:01:04'),
(29, 'buzzit_models', '0016_auto_20150629_1229', '2015-06-29 10:30:35'),
(30, 'buzzit_models', '0017_auto_20150708_1740', '2015-07-08 15:40:53');

--
-- Daten für Tabelle `django_session`
--

INSERT INTO `django_session` (`session_key`, `session_data`, `expire_date`) VALUES
('0k66zhdecl1ckvamro85a6lp1y0vp9za', 'NWEzMzlmYWUwMTE2MDEwYjhiYzgzZTM1OWY3MDdjN2U3OWY2NTA0ODp7Il9hdXRoX3VzZXJfYmFja2VuZCI6ImRqYW5nby5jb250cmliLmF1dGguYmFja2VuZHMuTW9kZWxCYWNrZW5kIiwiX2F1dGhfdXNlcl9oYXNoIjoiNTFmNTExOGNmZTAyN2I5MjUwNzg0OGY0ZmJhMzExYjkzY2I0MzdiNiIsIl9hdXRoX3VzZXJfaWQiOiIyNCJ9', '2015-06-19 21:51:13'),
('0uk4brgc1jzpwd08opqjeoxukc7of0ws', 'ZDEzMDFhZWYwYTNlMmYyOGI5NzBmNmYzNDM3M2Y1MTUzN2ZkMGZkYjp7fQ==', '2015-07-14 19:56:14'),
('1hu1mlxvlkmp0zeqs5xan9rozc98fmo0', 'ZDRmZTc0MTIyNWU0OGQ5ZWM3M2FlNTViZmQ4NjIzNjg2NDA0OGQ2Mjp7Il9hdXRoX3VzZXJfYmFja2VuZCI6ImRqYW5nby5jb250cmliLmF1dGguYmFja2VuZHMuTW9kZWxCYWNrZW5kIiwiX2F1dGhfdXNlcl9pZCI6IjEiLCJfYXV0aF91c2VyX2hhc2giOiJmOWQyZWExYjBjZjRkMDM3ZWM2NTQ1MzZmMzNmM2E2N2ExMTk5M2VmIn0=', '2015-06-04 17:39:25'),
('2bq0htqmwnd6ntx57rl8ary3r4cxkt6v', 'YTc2ZTMxNzdlMWIwZjdjNTJlMTQzOWMyYzM0YTkyNDZkYzc0YTU3Mzp7Il9hdXRoX3VzZXJfaGFzaCI6IjUxZjUxMThjZmUwMjdiOTI1MDc4NDhmNGZiYTMxMWI5M2NiNDM3YjYiLCJfYXV0aF91c2VyX2JhY2tlbmQiOiJkamFuZ28uY29udHJpYi5hdXRoLmJhY2tlbmRzLk1vZGVsQmFja2VuZCIsIl9hdXRoX3VzZXJfaWQiOiIyNCJ9', '2015-06-19 15:59:03'),
('2bvfbh2evltd8nib475vz04cuphb91pc', 'OGQ0Y2Q1NzQzMjA5MmRiMDY4NDQzMzUwYzQwZjQ5YzVmY2U3MjIxYzp7Il9hdXRoX3VzZXJfaGFzaCI6IjIwMjdkMWZlM2NmZWQ2NDE4ZTQ1MzhhMThiZWMxYWI5OTE4MGMwMjgiLCJfYXV0aF91c2VyX2JhY2tlbmQiOiJkamFuZ28uY29udHJpYi5hdXRoLmJhY2tlbmRzLk1vZGVsQmFja2VuZCIsIl9hdXRoX3VzZXJfaWQiOiIzMCJ9', '2015-07-07 21:18:34'),
('2mtyq6pgpdmz71j270nf74uv4xies03a', 'MTJiNTZhZDg4MWM3N2Y5ODc3OTM5M2ZmY2NkODljMzg2OGNkMWQ5ZTp7Il9hdXRoX3VzZXJfaWQiOiIxIiwiX2F1dGhfdXNlcl9iYWNrZW5kIjoiZGphbmdvLmNvbnRyaWIuYXV0aC5iYWNrZW5kcy5Nb2RlbEJhY2tlbmQiLCJfYXV0aF91c2VyX2hhc2giOiI4NDg1ZDhjYzA0NDc1M2JiNjEwNjEwNjI4NTE3YTkyYjNhZDQ1N2ZhIn0=', '2015-07-10 12:10:42'),
('2oxj7u16tgutxe3rzartgyzijyolo6ti', 'MGZjOTVjMjkxNTU2M2QyYmFjYTZlODNiMjNkNmYwNDAyMDc2MWVhZTp7Il9hdXRoX3VzZXJfaWQiOiIzMSIsIl9hdXRoX3VzZXJfYmFja2VuZCI6ImRqYW5nby5jb250cmliLmF1dGguYmFja2VuZHMuTW9kZWxCYWNrZW5kIiwiX2F1dGhfdXNlcl9oYXNoIjoiNzE5M2FhYzEwZjhiYWRlNzdhNWQzNmJlMjRkMjUyMTcyMzM0ZDU3ZCJ9', '2015-07-16 12:00:42'),
('2pkww3n5nnj8ag9l5x3rfto6uxczbi4m', 'MDMwYjRhOTE5ZDkzZjk3YmE5YTNmZWVkNzQ4MzBlN2FmZjY0NWMyMzp7Il9hdXRoX3VzZXJfaWQiOiIzMyIsIl9hdXRoX3VzZXJfYmFja2VuZCI6ImRqYW5nby5jb250cmliLmF1dGguYmFja2VuZHMuTW9kZWxCYWNrZW5kIiwiX2F1dGhfdXNlcl9oYXNoIjoiYzE2NzY2YjhjMmI0Mzk4MDhiMzEzNWE4YTc4MTQ0NzA0YjM0MGMyMiJ9', '2015-07-16 21:41:08'),
('3twmmx3q5gdzypcijt3frs84dbnpvjby', 'ZDRmZTc0MTIyNWU0OGQ5ZWM3M2FlNTViZmQ4NjIzNjg2NDA0OGQ2Mjp7Il9hdXRoX3VzZXJfYmFja2VuZCI6ImRqYW5nby5jb250cmliLmF1dGguYmFja2VuZHMuTW9kZWxCYWNrZW5kIiwiX2F1dGhfdXNlcl9pZCI6IjEiLCJfYXV0aF91c2VyX2hhc2giOiJmOWQyZWExYjBjZjRkMDM3ZWM2NTQ1MzZmMzNmM2E2N2ExMTk5M2VmIn0=', '2015-06-03 19:19:48'),
('48yils0v1t480b8i01dht48bs0vd78u3', 'ZDEzMDFhZWYwYTNlMmYyOGI5NzBmNmYzNDM3M2Y1MTUzN2ZkMGZkYjp7fQ==', '2015-06-24 16:49:45'),
('4q8t06sdw33ze5ghp6c1co2yl4cx9oos', 'NWU5OGU5NDcyYTI4NGM3Zjc3ZGE0YzM1YmVmNDAyMDdlYzcwYzgxZjp7Il9hdXRoX3VzZXJfaGFzaCI6IjFjZjdkMDc4YTNjOGI3MWZkOWVmMjYwNmM0NWJmN2Y2ODliZDllYTciLCJfYXV0aF91c2VyX2JhY2tlbmQiOiJkamFuZ28uY29udHJpYi5hdXRoLmJhY2tlbmRzLk1vZGVsQmFja2VuZCIsIl9hdXRoX3VzZXJfaWQiOiIxIn0=', '2015-07-04 13:08:14'),
('4x1lnau5tazgjowk8efey03ank4y31ic', 'MzE2ZmFlMjE5ODg2ODU3OTE4NmM2OTQ0NmQzNTc2ZTIzNThhMWI3OTp7Il9hdXRoX3VzZXJfaWQiOiIzNyIsIl9hdXRoX3VzZXJfaGFzaCI6IjIxMjlmNWJhOGJlYmYwZjI0ZTZlYjZjZDRjNTUwY2M5MTQ1NmU2NDciLCJfYXV0aF91c2VyX2JhY2tlbmQiOiJkamFuZ28uY29udHJpYi5hdXRoLmJhY2tlbmRzLk1vZGVsQmFja2VuZCJ9', '2015-06-26 10:34:08'),
('556za6golv1akn0fp2f0kr2xhfh5u9zu', 'NGVhNjY2OTJhZDY5NzU5YmRjOGVhMmFkMzcyZmI0NjZhNzEyM2U5ZTp7Il9hdXRoX3VzZXJfYmFja2VuZCI6ImRqYW5nby5jb250cmliLmF1dGguYmFja2VuZHMuTW9kZWxCYWNrZW5kIiwiX2F1dGhfdXNlcl9pZCI6IjIyIiwiX2F1dGhfdXNlcl9oYXNoIjoiZGVjZDc5NmM5Njk4NGQ4OTM1YzBjNjdiYzJmZDgxMzc1Yjk3MGExZSJ9', '2015-07-20 12:41:59'),
('5fxnhx8owb13ipxlp6fcc9h8dxhq0xqb', 'MGE3N2E5OGNmYWJlMTNkMWE5YzBhYTM1Njg4NTIxNjlhZTA2ZTQ5NTp7Il9hdXRoX3VzZXJfYmFja2VuZCI6ImRqYW5nby5jb250cmliLmF1dGguYmFja2VuZHMuTW9kZWxCYWNrZW5kIiwiX2F1dGhfdXNlcl9pZCI6IjMwIiwiX2F1dGhfdXNlcl9oYXNoIjoiMjAyN2QxZmUzY2ZlZDY0MThlNDUzOGExOGJlYzFhYjk5MTgwYzAyOCJ9', '2015-06-22 15:52:12'),
('6fmjbtvvno9w0xljzshbko8e9jdm4wen', 'YzI4NTcwZjY1MTcwODA5ODgzOGZjZGM5NGIzMmE1NTUzNjUzYjIyZDp7Il9hdXRoX3VzZXJfaGFzaCI6IjUxZjUxMThjZmUwMjdiOTI1MDc4NDhmNGZiYTMxMWI5M2NiNDM3YjYiLCJfYXV0aF91c2VyX2lkIjoiMjQiLCJfYXV0aF91c2VyX2JhY2tlbmQiOiJkamFuZ28uY29udHJpYi5hdXRoLmJhY2tlbmRzLk1vZGVsQmFja2VuZCJ9', '2015-06-29 12:37:14'),
('7b4rvevbhb3k3zy84btap14nilk6ialk', 'YzEzYmEzM2NlOTliZmQ0NmQzZDU1YzZkNzJjNzIwOTc4NzU1YzYxMTp7Il9hdXRoX3VzZXJfaWQiOiIyNCIsIl9hdXRoX3VzZXJfaGFzaCI6IjUxZjUxMThjZmUwMjdiOTI1MDc4NDhmNGZiYTMxMWI5M2NiNDM3YjYiLCJfYXV0aF91c2VyX2JhY2tlbmQiOiJkamFuZ28uY29udHJpYi5hdXRoLmJhY2tlbmRzLk1vZGVsQmFja2VuZCJ9', '2015-07-17 12:01:49'),
('7i07ie7oru2al6w6dmny7pevij42ach9', 'M2VmM2UwZDc3NDQyZWM0NWI0YzE0ZDM4ZDI3NTY4YTcyNmE5MmZlMDp7Il9hdXRoX3VzZXJfaWQiOiIyNyIsIl9hdXRoX3VzZXJfaGFzaCI6IjlkMGJkYTdiNjE5MzcwM2E3ZTBlM2E3MDhlNzk4YTYyNTg3MDFlNjgiLCJfYXV0aF91c2VyX2JhY2tlbmQiOiJkamFuZ28uY29udHJpYi5hdXRoLmJhY2tlbmRzLk1vZGVsQmFja2VuZCJ9', '2015-07-14 20:01:03'),
('7kjfn9fabctmwvxgos7m33j6sumh1phw', 'NWEzMzlmYWUwMTE2MDEwYjhiYzgzZTM1OWY3MDdjN2U3OWY2NTA0ODp7Il9hdXRoX3VzZXJfYmFja2VuZCI6ImRqYW5nby5jb250cmliLmF1dGguYmFja2VuZHMuTW9kZWxCYWNrZW5kIiwiX2F1dGhfdXNlcl9oYXNoIjoiNTFmNTExOGNmZTAyN2I5MjUwNzg0OGY0ZmJhMzExYjkzY2I0MzdiNiIsIl9hdXRoX3VzZXJfaWQiOiIyNCJ9', '2015-07-09 15:19:42'),
('81q0kh1sqnf3voc1ifcw9mfcwy6hi4rx', 'MzliNGMwZjRhZWM3YmU1YmRlOWU0Y2NiNjBhMzBjNzVjNTNhMjcwOTp7Il9hdXRoX3VzZXJfYmFja2VuZCI6ImRqYW5nby5jb250cmliLmF1dGguYmFja2VuZHMuTW9kZWxCYWNrZW5kIiwiX2F1dGhfdXNlcl9pZCI6IjMxIiwiX2F1dGhfdXNlcl9oYXNoIjoiNzE5M2FhYzEwZjhiYWRlNzdhNWQzNmJlMjRkMjUyMTcyMzM0ZDU3ZCJ9', '2015-06-26 05:28:32'),
('84j3x9xnmmqey3sk5guenw3wrkn3wf1q', 'YzZjYWVmYWQ1NzgyNWExNjBjNjBkNjdlNDRmYzI0ZmNjZTgyMTIyODp7Il9hdXRoX3VzZXJfaGFzaCI6IjcyZTA0NzkxMGJhYzY1YThiYzgzNGQ3M2JlMzlhNzQyY2FlYjNjYjIiLCJfYXV0aF91c2VyX2lkIjoiMjMiLCJfYXV0aF91c2VyX2JhY2tlbmQiOiJkamFuZ28uY29udHJpYi5hdXRoLmJhY2tlbmRzLk1vZGVsQmFja2VuZCJ9', '2015-07-05 16:37:17'),
('86busufr3eq4cjw5kr1hf9b3rqpjyp7d', 'ZTY3ZDZiNjYwYjdhMDU5Y2U4NTQxMWZhNDRlMTg3OTE0ZGQ0M2ZkNTp7Il9hdXRoX3VzZXJfaWQiOiIyMyIsIl9hdXRoX3VzZXJfYmFja2VuZCI6ImRqYW5nby5jb250cmliLmF1dGguYmFja2VuZHMuTW9kZWxCYWNrZW5kIiwiX2F1dGhfdXNlcl9oYXNoIjoiNzJlMDQ3OTEwYmFjNjVhOGJjODM0ZDczYmUzOWE3NDJjYWViM2NiMiJ9', '2015-07-05 16:32:37'),
('885kj3uhyapxz16ju2bztict36yc8aar', 'NmRiYTA4YjIyMmFkM2JjMDM0NDQxZjY0NTQxZWZjZjU0MzgwMmY5Yjp7Il9hdXRoX3VzZXJfYmFja2VuZCI6ImRqYW5nby5jb250cmliLmF1dGguYmFja2VuZHMuTW9kZWxCYWNrZW5kIiwiX2F1dGhfdXNlcl9oYXNoIjoiODQ4NWQ4Y2MwNDQ3NTNiYjYxMDYxMDYyODUxN2E5MmIzYWQ0NTdmYSIsIl9hdXRoX3VzZXJfaWQiOiIxIn0=', '2015-07-10 12:22:46'),
('8gfxg92mkfjdceva4isq4ywo52eo3hp6', 'YzZjYWVmYWQ1NzgyNWExNjBjNjBkNjdlNDRmYzI0ZmNjZTgyMTIyODp7Il9hdXRoX3VzZXJfaGFzaCI6IjcyZTA0NzkxMGJhYzY1YThiYzgzNGQ3M2JlMzlhNzQyY2FlYjNjYjIiLCJfYXV0aF91c2VyX2lkIjoiMjMiLCJfYXV0aF91c2VyX2JhY2tlbmQiOiJkamFuZ28uY29udHJpYi5hdXRoLmJhY2tlbmRzLk1vZGVsQmFja2VuZCJ9', '2015-07-04 12:53:54'),
('8u4qlcmk9td9vgj6n928iui7m5u8tz37', 'ZDEzMDFhZWYwYTNlMmYyOGI5NzBmNmYzNDM3M2Y1MTUzN2ZkMGZkYjp7fQ==', '2015-07-14 19:56:14'),
('91rfbmkzyn80g40lqnaly9wyvti0yd1n', 'YzZjYWVmYWQ1NzgyNWExNjBjNjBkNjdlNDRmYzI0ZmNjZTgyMTIyODp7Il9hdXRoX3VzZXJfaGFzaCI6IjcyZTA0NzkxMGJhYzY1YThiYzgzNGQ3M2JlMzlhNzQyY2FlYjNjYjIiLCJfYXV0aF91c2VyX2lkIjoiMjMiLCJfYXV0aF91c2VyX2JhY2tlbmQiOiJkamFuZ28uY29udHJpYi5hdXRoLmJhY2tlbmRzLk1vZGVsQmFja2VuZCJ9', '2015-07-22 15:07:20'),
('9rp166jitmz82hi7dbl3zje38clacvnz', 'NzAwN2I1NTg1OWE5YjczMDNlNWYzMGM1NjVkZjc5NGMwNDA1NGNjODp7Il9hdXRoX3VzZXJfaWQiOiIyMyIsIl9hdXRoX3VzZXJfaGFzaCI6IjcyZTA0NzkxMGJhYzY1YThiYzgzNGQ3M2JlMzlhNzQyY2FlYjNjYjIiLCJfYXV0aF91c2VyX2JhY2tlbmQiOiJkamFuZ28uY29udHJpYi5hdXRoLmJhY2tlbmRzLk1vZGVsQmFja2VuZCJ9', '2015-07-09 12:32:38'),
('awmubcvyygqxflzki983m7w5kyio5xbf', 'ZTY3ZDZiNjYwYjdhMDU5Y2U4NTQxMWZhNDRlMTg3OTE0ZGQ0M2ZkNTp7Il9hdXRoX3VzZXJfaWQiOiIyMyIsIl9hdXRoX3VzZXJfYmFja2VuZCI6ImRqYW5nby5jb250cmliLmF1dGguYmFja2VuZHMuTW9kZWxCYWNrZW5kIiwiX2F1dGhfdXNlcl9oYXNoIjoiNzJlMDQ3OTEwYmFjNjVhOGJjODM0ZDczYmUzOWE3NDJjYWViM2NiMiJ9', '2015-07-23 12:44:43'),
('bwabmcosruyd75gky68r8nif7qd1t0v3', 'YzEzYmEzM2NlOTliZmQ0NmQzZDU1YzZkNzJjNzIwOTc4NzU1YzYxMTp7Il9hdXRoX3VzZXJfaWQiOiIyNCIsIl9hdXRoX3VzZXJfaGFzaCI6IjUxZjUxMThjZmUwMjdiOTI1MDc4NDhmNGZiYTMxMWI5M2NiNDM3YjYiLCJfYXV0aF91c2VyX2JhY2tlbmQiOiJkamFuZ28uY29udHJpYi5hdXRoLmJhY2tlbmRzLk1vZGVsQmFja2VuZCJ9', '2015-06-19 13:01:30'),
('cghwyjsinq8cm25yedy113hqftjb2eci', 'NWJjZTdiZTU4YzkwNmIzYTA0OTRhYmVlNDQ4YmQxMmY0ZjBlMjU2MDp7Il9hdXRoX3VzZXJfaWQiOiIzMCIsIl9hdXRoX3VzZXJfYmFja2VuZCI6ImRqYW5nby5jb250cmliLmF1dGguYmFja2VuZHMuTW9kZWxCYWNrZW5kIiwiX2F1dGhfdXNlcl9oYXNoIjoiMjAyN2QxZmUzY2ZlZDY0MThlNDUzOGExOGJlYzFhYjk5MTgwYzAyOCJ9', '2015-07-04 12:51:16'),
('cjyngber0qhe0tgs5a75qwfk6j707d7l', 'OTQ2N2MwZDUxM2NiNWRkODE4NzUwMTQyZWQ2MGM4Mzc0NGRmMWRiZjp7Il9hdXRoX3VzZXJfaWQiOiIxIiwiX2F1dGhfdXNlcl9iYWNrZW5kIjoiZGphbmdvLmNvbnRyaWIuYXV0aC5iYWNrZW5kcy5Nb2RlbEJhY2tlbmQiLCJfYXV0aF91c2VyX2hhc2giOiJmOWQyZWExYjBjZjRkMDM3ZWM2NTQ1MzZmMzNmM2E2N2ExMTk5M2VmIn0=', '2015-06-04 17:35:22'),
('cvcnrp6l1cmulpg37u9pkz8mioh1efl8', 'YzZjYWVmYWQ1NzgyNWExNjBjNjBkNjdlNDRmYzI0ZmNjZTgyMTIyODp7Il9hdXRoX3VzZXJfaGFzaCI6IjcyZTA0NzkxMGJhYzY1YThiYzgzNGQ3M2JlMzlhNzQyY2FlYjNjYjIiLCJfYXV0aF91c2VyX2lkIjoiMjMiLCJfYXV0aF91c2VyX2JhY2tlbmQiOiJkamFuZ28uY29udHJpYi5hdXRoLmJhY2tlbmRzLk1vZGVsQmFja2VuZCJ9', '2015-07-06 12:09:17'),
('czubzut7l4a3fkld8uxp9dkbrnltvf9n', 'YTQ2M2QyYWIwNjkyYzRkZTdjNWQxODgwM2Q5ODY0Y2I2NTJjOWRmYzp7Il9hdXRoX3VzZXJfYmFja2VuZCI6ImRqYW5nby5jb250cmliLmF1dGguYmFja2VuZHMuTW9kZWxCYWNrZW5kIiwiX2F1dGhfdXNlcl9oYXNoIjoiZjlkMmVhMWIwY2Y0ZDAzN2VjNjU0NTM2ZjMzZjNhNjdhMTE5OTNlZiIsIl9hdXRoX3VzZXJfaWQiOiIxIn0=', '2015-06-04 17:23:19'),
('ed47pbxfdgq8th784c371b4v23iwungh', 'NmFiNTU5MDVkZmI3ZGU4MzRhZWJhYmE5MjQyMWQ3MDkxYzc5Y2I0Yjp7Il9hdXRoX3VzZXJfaWQiOiIyMiIsIl9hdXRoX3VzZXJfaGFzaCI6ImRlY2Q3OTZjOTY5ODRkODkzNWMwYzY3YmMyZmQ4MTM3NWI5NzBhMWUiLCJfYXV0aF91c2VyX2JhY2tlbmQiOiJkamFuZ28uY29udHJpYi5hdXRoLmJhY2tlbmRzLk1vZGVsQmFja2VuZCJ9', '2015-07-09 12:57:43'),
('eq0glpoo4b2uxbrjtphylu6muklc8ls0', 'ZWE5NzRmMTdmOTI2N2UzNTlmYzRiNmZlZmFhNDRkYWQyMDk0MGJmODp7Il9hdXRoX3VzZXJfaWQiOiIxIiwiX2F1dGhfdXNlcl9oYXNoIjoiODQ4NWQ4Y2MwNDQ3NTNiYjYxMDYxMDYyODUxN2E5MmIzYWQ0NTdmYSIsIl9hdXRoX3VzZXJfYmFja2VuZCI6ImRqYW5nby5jb250cmliLmF1dGguYmFja2VuZHMuTW9kZWxCYWNrZW5kIn0=', '2015-07-09 14:36:14'),
('es9lpp5fvzo93ya64o8ek6q1ys415ebe', 'MjVlNjQxY2JjZDhlMTdiNjI5ZGQxMTc0Y2M1OGNmYTUyZmQzOTU1Yjp7Il9hdXRoX3VzZXJfaGFzaCI6ImRlY2Q3OTZjOTY5ODRkODkzNWMwYzY3YmMyZmQ4MTM3NWI5NzBhMWUiLCJfYXV0aF91c2VyX2lkIjoiMjIiLCJfYXV0aF91c2VyX2JhY2tlbmQiOiJkamFuZ28uY29udHJpYi5hdXRoLmJhY2tlbmRzLk1vZGVsQmFja2VuZCJ9', '2015-07-20 10:56:19'),
('eujgi1y7glnhugvvan0zfhckcafb654j', 'ZjBiZGQ1MjhmYjdhNGY4MzNkZjYxYmFlNzE3ZDNjN2IyZWIwZTQ2ZTp7Il9hdXRoX3VzZXJfaGFzaCI6IjlkMGJkYTdiNjE5MzcwM2E3ZTBlM2E3MDhlNzk4YTYyNTg3MDFlNjgiLCJfYXV0aF91c2VyX2lkIjoiMjciLCJfYXV0aF91c2VyX2JhY2tlbmQiOiJkamFuZ28uY29udHJpYi5hdXRoLmJhY2tlbmRzLk1vZGVsQmFja2VuZCJ9', '2015-07-14 20:00:45'),
('fafro75nyqvdjw6m7msrx7nlqya3583g', 'NDNlN2E4YTAwYWUyN2RlODdmYzU3MzRmMWJlNDcwYzRmZDNhYjgwYzp7Il9hdXRoX3VzZXJfYmFja2VuZCI6ImRqYW5nby5jb250cmliLmF1dGguYmFja2VuZHMuTW9kZWxCYWNrZW5kIiwiX2F1dGhfdXNlcl9oYXNoIjoiNzJlMDQ3OTEwYmFjNjVhOGJjODM0ZDczYmUzOWE3NDJjYWViM2NiMiIsIl9hdXRoX3VzZXJfaWQiOiIyMyJ9', '2015-07-07 23:14:39'),
('g7lhi08ywhq466ubpa8b8deaedzkc6mk', 'ZTY3ZDZiNjYwYjdhMDU5Y2U4NTQxMWZhNDRlMTg3OTE0ZGQ0M2ZkNTp7Il9hdXRoX3VzZXJfaWQiOiIyMyIsIl9hdXRoX3VzZXJfYmFja2VuZCI6ImRqYW5nby5jb250cmliLmF1dGguYmFja2VuZHMuTW9kZWxCYWNrZW5kIiwiX2F1dGhfdXNlcl9oYXNoIjoiNzJlMDQ3OTEwYmFjNjVhOGJjODM0ZDczYmUzOWE3NDJjYWViM2NiMiJ9', '2015-07-15 17:20:30'),
('gkxdr6lxr3xcsj4uk59lgqpn5njpb428', 'ZWJhODY5YzJkMzhhMTQ4Y2RlMGUzOGZiMThhY2YzYmYwMjA4N2M0YTp7Il9hdXRoX3VzZXJfYmFja2VuZCI6ImRqYW5nby5jb250cmliLmF1dGguYmFja2VuZHMuTW9kZWxCYWNrZW5kIiwiX2F1dGhfdXNlcl9pZCI6IjEiLCJfYXV0aF91c2VyX2hhc2giOiIxY2Y3ZDA3OGEzYzhiNzFmZDllZjI2MDZjNDViZjdmNjg5YmQ5ZWE3In0=', '2015-06-26 12:32:45'),
('h0u82lux2y6emyyc3njwotvd9n5rqcpm', 'ZWE5NzRmMTdmOTI2N2UzNTlmYzRiNmZlZmFhNDRkYWQyMDk0MGJmODp7Il9hdXRoX3VzZXJfaWQiOiIxIiwiX2F1dGhfdXNlcl9oYXNoIjoiODQ4NWQ4Y2MwNDQ3NTNiYjYxMDYxMDYyODUxN2E5MmIzYWQ0NTdmYSIsIl9hdXRoX3VzZXJfYmFja2VuZCI6ImRqYW5nby5jb250cmliLmF1dGguYmFja2VuZHMuTW9kZWxCYWNrZW5kIn0=', '2015-07-11 21:54:55'),
('huzhtp6kmgzyqc9vx70zdlgxhy8rn370', 'NGQwOTFjNDEyZGM4YzFiN2Y5OTc4YzQ3MjYzOWI3MDRiNDM5NGVkMDp7Il9hdXRoX3VzZXJfaWQiOiIzMiIsIl9hdXRoX3VzZXJfaGFzaCI6Ijk5ZjA3MDk4NjhlZjE5MjkzYzMxNjY0ZDdjOTQxMGE3MmJiMjgwYTAiLCJfYXV0aF91c2VyX2JhY2tlbmQiOiJkamFuZ28uY29udHJpYi5hdXRoLmJhY2tlbmRzLk1vZGVsQmFja2VuZCJ9', '2015-07-02 13:13:31'),
('hyw7bdc57wokkjhsiepo6oe92shp8e19', 'Yjg1M2FkMDYwMmM5YjE3MmQxODcxZTdlZmI3ZWJjZDA4NWI1YWFkNzp7Il9hdXRoX3VzZXJfYmFja2VuZCI6ImRqYW5nby5jb250cmliLmF1dGguYmFja2VuZHMuTW9kZWxCYWNrZW5kIiwiX2F1dGhfdXNlcl9pZCI6IjI0IiwiX2F1dGhfdXNlcl9oYXNoIjoiNTFmNTExOGNmZTAyN2I5MjUwNzg0OGY0ZmJhMzExYjkzY2I0MzdiNiJ9', '2015-06-21 12:43:51'),
('i7hm1m5q5w9w6j1izdogu7fkjbhz0i80', 'OTQ2N2MwZDUxM2NiNWRkODE4NzUwMTQyZWQ2MGM4Mzc0NGRmMWRiZjp7Il9hdXRoX3VzZXJfaWQiOiIxIiwiX2F1dGhfdXNlcl9iYWNrZW5kIjoiZGphbmdvLmNvbnRyaWIuYXV0aC5iYWNrZW5kcy5Nb2RlbEJhY2tlbmQiLCJfYXV0aF91c2VyX2hhc2giOiJmOWQyZWExYjBjZjRkMDM3ZWM2NTQ1MzZmMzNmM2E2N2ExMTk5M2VmIn0=', '2015-06-04 17:45:45'),
('imuspt34ofih1ycqgvs2ymey2zb9cnod', 'ZDc0Mjc4NjQ1MzU0NzI4MDNhM2EzMmNhYTc1ZTgwZGI4M2RlOGU3Nzp7Il9hdXRoX3VzZXJfaGFzaCI6IjcyZTA0NzkxMGJhYzY1YThiYzgzNGQ3M2JlMzlhNzQyY2FlYjNjYjIiLCJfYXV0aF91c2VyX2JhY2tlbmQiOiJkamFuZ28uY29udHJpYi5hdXRoLmJhY2tlbmRzLk1vZGVsQmFja2VuZCIsIl9hdXRoX3VzZXJfaWQiOiIyMyJ9', '2015-06-20 19:40:13'),
('iqhhttr18hj49e3fm1imipun00voxlt2', 'YzI4NTcwZjY1MTcwODA5ODgzOGZjZGM5NGIzMmE1NTUzNjUzYjIyZDp7Il9hdXRoX3VzZXJfaGFzaCI6IjUxZjUxMThjZmUwMjdiOTI1MDc4NDhmNGZiYTMxMWI5M2NiNDM3YjYiLCJfYXV0aF91c2VyX2lkIjoiMjQiLCJfYXV0aF91c2VyX2JhY2tlbmQiOiJkamFuZ28uY29udHJpYi5hdXRoLmJhY2tlbmRzLk1vZGVsQmFja2VuZCJ9', '2015-06-25 18:33:22'),
('j9szbps38qspkfuvuoxrwwdiqkgughuu', 'Yjg4NzE4OWY5ZDE2ZTgxODRlNGU2MGQ4N2ZmMjYzMWZlNTc5Y2FjODp7Il9hdXRoX3VzZXJfaGFzaCI6ImMxNjc2NmI4YzJiNDM5ODA4YjMxMzVhOGE3ODE0NDcwNGIzNDBjMjIiLCJfYXV0aF91c2VyX2JhY2tlbmQiOiJkamFuZ28uY29udHJpYi5hdXRoLmJhY2tlbmRzLk1vZGVsQmFja2VuZCIsIl9hdXRoX3VzZXJfaWQiOiIzMyJ9', '2015-07-22 14:30:45'),
('jg20mrhgum7kc3atw4ab79cxvfffn6a2', 'Yjg1M2FkMDYwMmM5YjE3MmQxODcxZTdlZmI3ZWJjZDA4NWI1YWFkNzp7Il9hdXRoX3VzZXJfYmFja2VuZCI6ImRqYW5nby5jb250cmliLmF1dGguYmFja2VuZHMuTW9kZWxCYWNrZW5kIiwiX2F1dGhfdXNlcl9pZCI6IjI0IiwiX2F1dGhfdXNlcl9oYXNoIjoiNTFmNTExOGNmZTAyN2I5MjUwNzg0OGY0ZmJhMzExYjkzY2I0MzdiNiJ9', '2015-07-06 10:34:28'),
('k15jggc4qyou9fr0d36czdnkptd96evb', 'ZGFlMzhiMjliZDk3YmZhMjJjMzM2Nzk3ZDU4ZmFiMTRmYWUwZmQxMDp7Il9hdXRoX3VzZXJfYmFja2VuZCI6ImRqYW5nby5jb250cmliLmF1dGguYmFja2VuZHMuTW9kZWxCYWNrZW5kIiwiX2F1dGhfdXNlcl9oYXNoIjoiN2EzZDUyYjUwNmQ3NWY1MzExMWZjZDhmYzA5NTVjNDMyZjY0YTBjYiIsIl9hdXRoX3VzZXJfaWQiOiIyOCJ9', '2015-06-21 18:24:42'),
('k8158s3od5xqkatzmxpot8s9i3kcz6ci', 'YzI4NTcwZjY1MTcwODA5ODgzOGZjZGM5NGIzMmE1NTUzNjUzYjIyZDp7Il9hdXRoX3VzZXJfaGFzaCI6IjUxZjUxMThjZmUwMjdiOTI1MDc4NDhmNGZiYTMxMWI5M2NiNDM3YjYiLCJfYXV0aF91c2VyX2lkIjoiMjQiLCJfYXV0aF91c2VyX2JhY2tlbmQiOiJkamFuZ28uY29udHJpYi5hdXRoLmJhY2tlbmRzLk1vZGVsQmFja2VuZCJ9', '2015-07-05 14:06:07'),
('l3dv1dkfueww0yc51stlxgzqsqlvn2qf', 'YzZjYWVmYWQ1NzgyNWExNjBjNjBkNjdlNDRmYzI0ZmNjZTgyMTIyODp7Il9hdXRoX3VzZXJfaGFzaCI6IjcyZTA0NzkxMGJhYzY1YThiYzgzNGQ3M2JlMzlhNzQyY2FlYjNjYjIiLCJfYXV0aF91c2VyX2lkIjoiMjMiLCJfYXV0aF91c2VyX2JhY2tlbmQiOiJkamFuZ28uY29udHJpYi5hdXRoLmJhY2tlbmRzLk1vZGVsQmFja2VuZCJ9', '2015-07-05 16:37:15'),
('l3t06it0efadxmfkmyt39387tpbyvb47', 'NzAwN2I1NTg1OWE5YjczMDNlNWYzMGM1NjVkZjc5NGMwNDA1NGNjODp7Il9hdXRoX3VzZXJfaWQiOiIyMyIsIl9hdXRoX3VzZXJfaGFzaCI6IjcyZTA0NzkxMGJhYzY1YThiYzgzNGQ3M2JlMzlhNzQyY2FlYjNjYjIiLCJfYXV0aF91c2VyX2JhY2tlbmQiOiJkamFuZ28uY29udHJpYi5hdXRoLmJhY2tlbmRzLk1vZGVsQmFja2VuZCJ9', '2015-07-07 22:06:58'),
('lk217w68ugmthewzc6aj1kd48okcb0c5', 'NDIzNzFkZDVkM2JhNjEzMzkyN2YzYThhY2NkNDQ1NDI0ZjJjMzIyMTp7Il9hdXRoX3VzZXJfaGFzaCI6IjcxOTNhYWMxMGY4YmFkZTc3YTVkMzZiZTI0ZDI1MjE3MjMzNGQ1N2QiLCJfYXV0aF91c2VyX2lkIjoiMzEiLCJfYXV0aF91c2VyX2JhY2tlbmQiOiJkamFuZ28uY29udHJpYi5hdXRoLmJhY2tlbmRzLk1vZGVsQmFja2VuZCJ9', '2015-07-08 10:36:21'),
('lkmz53kyegs4pujtjle7decgcmatfpfy', 'ZTJmOWY3YTAwOGE2Zjg0NWIwOTNjMWEzMmQyYTI2M2RmYjI1ZTVkYTp7Il9hdXRoX3VzZXJfaWQiOiIzMCIsIl9hdXRoX3VzZXJfaGFzaCI6IjIwMjdkMWZlM2NmZWQ2NDE4ZTQ1MzhhMThiZWMxYWI5OTE4MGMwMjgiLCJfYXV0aF91c2VyX2JhY2tlbmQiOiJkamFuZ28uY29udHJpYi5hdXRoLmJhY2tlbmRzLk1vZGVsQmFja2VuZCJ9', '2015-07-08 10:13:15'),
('lq5sixnztho3mtcma2u0f6aibh037zf5', 'ZjIyYmRiYWI4ZTUwY2Y5YjNjMmRkY2Q3MTk0ZTBiNjQ1NWMyODA1OTp7Il9hdXRoX3VzZXJfaWQiOiIxIiwiX2F1dGhfdXNlcl9oYXNoIjoiZjlkMmVhMWIwY2Y0ZDAzN2VjNjU0NTM2ZjMzZjNhNjdhMTE5OTNlZiIsIl9hdXRoX3VzZXJfYmFja2VuZCI6ImRqYW5nby5jb250cmliLmF1dGguYmFja2VuZHMuTW9kZWxCYWNrZW5kIn0=', '2015-06-03 19:40:53'),
('lq6gxlreqgp0pdqud890q2myeo9mj6cr', 'ZGEyYThlMzE4ODcxNjg1MzdhYjgxOGM5ODM0Y2MwOGJkNDVhNWY5OTp7Il9hdXRoX3VzZXJfaWQiOiIzOCIsIl9hdXRoX3VzZXJfYmFja2VuZCI6ImRqYW5nby5jb250cmliLmF1dGguYmFja2VuZHMuTW9kZWxCYWNrZW5kIiwiX2F1dGhfdXNlcl9oYXNoIjoiMzY0NTY3NDVlYTAxMTU4YmE1YWU1YWVkZjhmZDc1NjQ1YzIxMWI4ZSJ9', '2015-06-28 20:52:48'),
('m16sxkk44ycgcz2tu5x8odpsnx2z4z2e', 'NGVhNjY2OTJhZDY5NzU5YmRjOGVhMmFkMzcyZmI0NjZhNzEyM2U5ZTp7Il9hdXRoX3VzZXJfYmFja2VuZCI6ImRqYW5nby5jb250cmliLmF1dGguYmFja2VuZHMuTW9kZWxCYWNrZW5kIiwiX2F1dGhfdXNlcl9pZCI6IjIyIiwiX2F1dGhfdXNlcl9oYXNoIjoiZGVjZDc5NmM5Njk4NGQ4OTM1YzBjNjdiYzJmZDgxMzc1Yjk3MGExZSJ9', '2015-07-09 12:57:59'),
('m45db9ybbiozblkqak2eyzpoiwv2fmuq', 'MGZjOTVjMjkxNTU2M2QyYmFjYTZlODNiMjNkNmYwNDAyMDc2MWVhZTp7Il9hdXRoX3VzZXJfaWQiOiIzMSIsIl9hdXRoX3VzZXJfYmFja2VuZCI6ImRqYW5nby5jb250cmliLmF1dGguYmFja2VuZHMuTW9kZWxCYWNrZW5kIiwiX2F1dGhfdXNlcl9oYXNoIjoiNzE5M2FhYzEwZjhiYWRlNzdhNWQzNmJlMjRkMjUyMTcyMzM0ZDU3ZCJ9', '2015-07-04 12:52:57'),
('m6m25f777rp61fud7kx2lt2r4rth5nkk', 'MGE3N2E5OGNmYWJlMTNkMWE5YzBhYTM1Njg4NTIxNjlhZTA2ZTQ5NTp7Il9hdXRoX3VzZXJfYmFja2VuZCI6ImRqYW5nby5jb250cmliLmF1dGguYmFja2VuZHMuTW9kZWxCYWNrZW5kIiwiX2F1dGhfdXNlcl9pZCI6IjMwIiwiX2F1dGhfdXNlcl9oYXNoIjoiMjAyN2QxZmUzY2ZlZDY0MThlNDUzOGExOGJlYzFhYjk5MTgwYzAyOCJ9', '2015-06-26 11:20:20'),
('ne7j1ngs6x7ek4atzolepp5dohngewzg', 'OTQ2N2MwZDUxM2NiNWRkODE4NzUwMTQyZWQ2MGM4Mzc0NGRmMWRiZjp7Il9hdXRoX3VzZXJfaWQiOiIxIiwiX2F1dGhfdXNlcl9iYWNrZW5kIjoiZGphbmdvLmNvbnRyaWIuYXV0aC5iYWNrZW5kcy5Nb2RlbEJhY2tlbmQiLCJfYXV0aF91c2VyX2hhc2giOiJmOWQyZWExYjBjZjRkMDM3ZWM2NTQ1MzZmMzNmM2E2N2ExMTk5M2VmIn0=', '2015-06-04 17:56:25'),
('neplt362fu4t1ptbyfvdsxtj5gfbr4ue', 'YTc2ZTMxNzdlMWIwZjdjNTJlMTQzOWMyYzM0YTkyNDZkYzc0YTU3Mzp7Il9hdXRoX3VzZXJfaGFzaCI6IjUxZjUxMThjZmUwMjdiOTI1MDc4NDhmNGZiYTMxMWI5M2NiNDM3YjYiLCJfYXV0aF91c2VyX2JhY2tlbmQiOiJkamFuZ28uY29udHJpYi5hdXRoLmJhY2tlbmRzLk1vZGVsQmFja2VuZCIsIl9hdXRoX3VzZXJfaWQiOiIyNCJ9', '2015-06-19 14:18:36'),
('nidna7d27yq639bxrek67dlxnu7yhlr4', 'ZGExZTFhYzQ2NjIzOTJmNzE0MTAwMmJhZDE2ZmZlZWY1NDM3MjY5OTp7Il9hdXRoX3VzZXJfYmFja2VuZCI6ImRqYW5nby5jb250cmliLmF1dGguYmFja2VuZHMuTW9kZWxCYWNrZW5kIiwiX2F1dGhfdXNlcl9pZCI6IjEiLCJfYXV0aF91c2VyX2hhc2giOiJmOGYzNDlkM2RmNGJhOWY1YzhjMmIwNjdkYTUxOGQyNDkwNDUwYzNmIn0=', '2015-07-06 08:29:27'),
('nnzbze9wffgmhtji46yxzabti60kewjf', 'ZGUyYWZjNGE4ODZjNGQxZmEyNDEwYzQxODY3MWVlNTkwNjJkZTVmYTp7Il9hdXRoX3VzZXJfaWQiOiIyNCIsIl9hdXRoX3VzZXJfYmFja2VuZCI6ImRqYW5nby5jb250cmliLmF1dGguYmFja2VuZHMuTW9kZWxCYWNrZW5kIiwiX2F1dGhfdXNlcl9oYXNoIjoiNTFmNTExOGNmZTAyN2I5MjUwNzg0OGY0ZmJhMzExYjkzY2I0MzdiNiJ9', '2015-07-17 09:44:10'),
('orqkzvxicx3cef135phbgzub3p0njrvv', 'NDQ1YzYyOTlmNzgwNTg2NTBmNjFlOTA4Nzg5OGRkNDhmZTc4NWVlMTp7Il9hdXRoX3VzZXJfYmFja2VuZCI6ImRqYW5nby5jb250cmliLmF1dGguYmFja2VuZHMuTW9kZWxCYWNrZW5kIiwiX2F1dGhfdXNlcl9pZCI6IjIzIiwiX2F1dGhfdXNlcl9oYXNoIjoiNzJlMDQ3OTEwYmFjNjVhOGJjODM0ZDczYmUzOWE3NDJjYWViM2NiMiJ9', '2015-07-05 12:02:51'),
('pjxfic0j1dx42j7sm0grkg4uy3o8ildk', 'NzZiZDFjNDM5NDg1OTFkYzk5ZmEwZTk3ZGU1NzNhNTkzOGJmMDUxZjp7Il9hdXRoX3VzZXJfaGFzaCI6Ijg0ODVkOGNjMDQ0NzUzYmI2MTA2MTA2Mjg1MTdhOTJiM2FkNDU3ZmEiLCJfYXV0aF91c2VyX2lkIjoiMSIsIl9hdXRoX3VzZXJfYmFja2VuZCI6ImRqYW5nby5jb250cmliLmF1dGguYmFja2VuZHMuTW9kZWxCYWNrZW5kIn0=', '2015-07-15 18:57:52'),
('qd4n00pcrxdevde6dcqebzsrw35yf88v', 'ZGUyYWZjNGE4ODZjNGQxZmEyNDEwYzQxODY3MWVlNTkwNjJkZTVmYTp7Il9hdXRoX3VzZXJfaWQiOiIyNCIsIl9hdXRoX3VzZXJfYmFja2VuZCI6ImRqYW5nby5jb250cmliLmF1dGguYmFja2VuZHMuTW9kZWxCYWNrZW5kIiwiX2F1dGhfdXNlcl9oYXNoIjoiNTFmNTExOGNmZTAyN2I5MjUwNzg0OGY0ZmJhMzExYjkzY2I0MzdiNiJ9', '2015-06-20 12:29:37'),
('qfencaqt0u8wblk45xdhgrjoafodxb5y', 'YzEzYmEzM2NlOTliZmQ0NmQzZDU1YzZkNzJjNzIwOTc4NzU1YzYxMTp7Il9hdXRoX3VzZXJfaWQiOiIyNCIsIl9hdXRoX3VzZXJfaGFzaCI6IjUxZjUxMThjZmUwMjdiOTI1MDc4NDhmNGZiYTMxMWI5M2NiNDM3YjYiLCJfYXV0aF91c2VyX2JhY2tlbmQiOiJkamFuZ28uY29udHJpYi5hdXRoLmJhY2tlbmRzLk1vZGVsQmFja2VuZCJ9', '2015-07-16 16:16:47'),
('qgt0zkfbbh5re955v0cgkngsqvnkh9c7', 'ZjQ4NTE0Y2ViYzkwYWMxZTliNGI2OTkzMzBiMjZiMmU2MTZmZmRmNDp7Il9hdXRoX3VzZXJfYmFja2VuZCI6ImRqYW5nby5jb250cmliLmF1dGguYmFja2VuZHMuTW9kZWxCYWNrZW5kIiwiX2F1dGhfdXNlcl9oYXNoIjoiOWQwYmRhN2I2MTkzNzAzYTdlMGUzYTcwOGU3OThhNjI1ODcwMWU2OCIsIl9hdXRoX3VzZXJfaWQiOiIyNyJ9', '2015-07-14 20:01:06'),
('qij0cyowq0lxw7jt29d5x7vjsdfrd1st', 'YTEwNjRiOTMxNTA5NzA0MzJhZGM4YjcxOTBkMzFiODEwZDBiN2JmZTp7Il9hdXRoX3VzZXJfaWQiOiI0MCIsIl9hdXRoX3VzZXJfYmFja2VuZCI6ImRqYW5nby5jb250cmliLmF1dGguYmFja2VuZHMuTW9kZWxCYWNrZW5kIiwiX2F1dGhfdXNlcl9oYXNoIjoiNzkyYTY2ZmZiMzEwZjdkYTY1MzE3OTU1OGEzYjFjNDNkZjJlYThlMiJ9', '2015-07-04 13:04:19'),
('qx3gjbefmh7i5vmd22e71vy55bzlv1y4', 'ODViNWMyZGNlYTc3MWZiNjdmMTUyYzFiMWQ3YTgwODRkYmU0MTZkNDp7Il9hdXRoX3VzZXJfaGFzaCI6IjM2NDU2NzQ1ZWEwMTE1OGJhNWFlNWFlZGY4ZmQ3NTY0NWMyMTFiOGUiLCJfYXV0aF91c2VyX2JhY2tlbmQiOiJkamFuZ28uY29udHJpYi5hdXRoLmJhY2tlbmRzLk1vZGVsQmFja2VuZCIsIl9hdXRoX3VzZXJfaWQiOiIzOCJ9', '2015-06-28 20:21:03'),
('rl2hl9cl6o51k21twuqz1hfilgudbizp', 'NWY2ZTJlODg3M2UwZTVkNzRlODQ5MzgzYzAzYjNhODA3MmE2MWEyZjp7Il9hdXRoX3VzZXJfaWQiOiIyMiIsIl9hdXRoX3VzZXJfYmFja2VuZCI6ImRqYW5nby5jb250cmliLmF1dGguYmFja2VuZHMuTW9kZWxCYWNrZW5kIiwiX2F1dGhfdXNlcl9oYXNoIjoiZGVjZDc5NmM5Njk4NGQ4OTM1YzBjNjdiYzJmZDgxMzc1Yjk3MGExZSJ9', '2015-07-10 12:08:57'),
('rordvhbpvndiy174faq4ql1euretmzgo', 'ZDU1M2Q2OWNjYjY2Nzk5YzY3Y2IxNjI5YTUzMjY2MWVkNzY1OTBmMzp7Il9hdXRoX3VzZXJfYmFja2VuZCI6ImRqYW5nby5jb250cmliLmF1dGguYmFja2VuZHMuTW9kZWxCYWNrZW5kIiwiX2F1dGhfdXNlcl9pZCI6IjIyIiwiX2F1dGhfdXNlcl9oYXNoIjoiOWYzMDA5OTg5YzRiNzlhYTdiYWNiZWMxMjgyOWE3ODZiOGJkOGM5NCJ9', '2015-06-26 11:25:52'),
('rpus2wkjrgfr0mcfev312jqmsfiygt7g', 'NWEzMzlmYWUwMTE2MDEwYjhiYzgzZTM1OWY3MDdjN2U3OWY2NTA0ODp7Il9hdXRoX3VzZXJfYmFja2VuZCI6ImRqYW5nby5jb250cmliLmF1dGguYmFja2VuZHMuTW9kZWxCYWNrZW5kIiwiX2F1dGhfdXNlcl9oYXNoIjoiNTFmNTExOGNmZTAyN2I5MjUwNzg0OGY0ZmJhMzExYjkzY2I0MzdiNiIsIl9hdXRoX3VzZXJfaWQiOiIyNCJ9', '2015-06-29 23:08:48'),
('rz64jdr2jxpzwgb4dybsg4o7ww4xowm7', 'ZWRhZDQ1YjdjZjI2OGEyNDJmZGI4Yzc1MzE1YTE0Zjg2NTYwOTExZjp7Il9hdXRoX3VzZXJfaGFzaCI6IjI1ZjdmMjg2OWZlN2FlYmNlYTVlMzcwNTY5YjhlZmMwMmJjNjg0NDkiLCJfYXV0aF91c2VyX2lkIjoiNDEiLCJfYXV0aF91c2VyX2JhY2tlbmQiOiJkamFuZ28uY29udHJpYi5hdXRoLmJhY2tlbmRzLk1vZGVsQmFja2VuZCJ9', '2015-07-04 12:43:24'),
('s0n41tsjxi2eohvluy536r5pmpw2l4lg', 'NDQ1YzYyOTlmNzgwNTg2NTBmNjFlOTA4Nzg5OGRkNDhmZTc4NWVlMTp7Il9hdXRoX3VzZXJfYmFja2VuZCI6ImRqYW5nby5jb250cmliLmF1dGguYmFja2VuZHMuTW9kZWxCYWNrZW5kIiwiX2F1dGhfdXNlcl9pZCI6IjIzIiwiX2F1dGhfdXNlcl9oYXNoIjoiNzJlMDQ3OTEwYmFjNjVhOGJjODM0ZDczYmUzOWE3NDJjYWViM2NiMiJ9', '2015-07-20 22:20:23'),
('s7yqar1pwxae09y4dajltbub1a08rznp', 'YzZjYWVmYWQ1NzgyNWExNjBjNjBkNjdlNDRmYzI0ZmNjZTgyMTIyODp7Il9hdXRoX3VzZXJfaGFzaCI6IjcyZTA0NzkxMGJhYzY1YThiYzgzNGQ3M2JlMzlhNzQyY2FlYjNjYjIiLCJfYXV0aF91c2VyX2lkIjoiMjMiLCJfYXV0aF91c2VyX2JhY2tlbmQiOiJkamFuZ28uY29udHJpYi5hdXRoLmJhY2tlbmRzLk1vZGVsQmFja2VuZCJ9', '2015-07-05 12:00:28'),
('sdfo4sgf27knb0qoasfpkgqzprd7iwmu', 'YzEzYmEzM2NlOTliZmQ0NmQzZDU1YzZkNzJjNzIwOTc4NzU1YzYxMTp7Il9hdXRoX3VzZXJfaWQiOiIyNCIsIl9hdXRoX3VzZXJfaGFzaCI6IjUxZjUxMThjZmUwMjdiOTI1MDc4NDhmNGZiYTMxMWI5M2NiNDM3YjYiLCJfYXV0aF91c2VyX2JhY2tlbmQiOiJkamFuZ28uY29udHJpYi5hdXRoLmJhY2tlbmRzLk1vZGVsQmFja2VuZCJ9', '2015-07-17 20:21:06'),
('t2t7zddcf4d7qxrvogiwlwjuxov90adt', 'NWExOWI1Zjk4ZTM1MzY4N2JkMDc2YTUzNWQ3MTQzNzI5MWQxMGJlNTp7Il9hdXRoX3VzZXJfaGFzaCI6ImY5ZDJlYTFiMGNmNGQwMzdlYzY1NDUzNmYzM2YzYTY3YTExOTkzZWYiLCJfYXV0aF91c2VyX2JhY2tlbmQiOiJkamFuZ28uY29udHJpYi5hdXRoLmJhY2tlbmRzLk1vZGVsQmFja2VuZCIsIl9hdXRoX3VzZXJfaWQiOiIxIn0=', '2015-06-04 17:40:08'),
('tc4cfqi2s5e94qqpfheuukc6opf386vq', 'ZDEzMDFhZWYwYTNlMmYyOGI5NzBmNmYzNDM3M2Y1MTUzN2ZkMGZkYjp7fQ==', '2015-07-14 19:56:14'),
('tcukobhml0q7376a886ffftj0ynf4vus', 'YTQ2M2QyYWIwNjkyYzRkZTdjNWQxODgwM2Q5ODY0Y2I2NTJjOWRmYzp7Il9hdXRoX3VzZXJfYmFja2VuZCI6ImRqYW5nby5jb250cmliLmF1dGguYmFja2VuZHMuTW9kZWxCYWNrZW5kIiwiX2F1dGhfdXNlcl9oYXNoIjoiZjlkMmVhMWIwY2Y0ZDAzN2VjNjU0NTM2ZjMzZjNhNjdhMTE5OTNlZiIsIl9hdXRoX3VzZXJfaWQiOiIxIn0=', '2015-06-04 17:23:42'),
('te5aymsboaxmydouquwq5qut8xz6o17h', 'NzZiZDFjNDM5NDg1OTFkYzk5ZmEwZTk3ZGU1NzNhNTkzOGJmMDUxZjp7Il9hdXRoX3VzZXJfaGFzaCI6Ijg0ODVkOGNjMDQ0NzUzYmI2MTA2MTA2Mjg1MTdhOTJiM2FkNDU3ZmEiLCJfYXV0aF91c2VyX2lkIjoiMSIsIl9hdXRoX3VzZXJfYmFja2VuZCI6ImRqYW5nby5jb250cmliLmF1dGguYmFja2VuZHMuTW9kZWxCYWNrZW5kIn0=', '2015-07-20 20:16:55'),
('vfmy6sbqjnbzb5vm3r5xje8c6q4qf24b', 'YTc2ZTMxNzdlMWIwZjdjNTJlMTQzOWMyYzM0YTkyNDZkYzc0YTU3Mzp7Il9hdXRoX3VzZXJfaGFzaCI6IjUxZjUxMThjZmUwMjdiOTI1MDc4NDhmNGZiYTMxMWI5M2NiNDM3YjYiLCJfYXV0aF91c2VyX2JhY2tlbmQiOiJkamFuZ28uY29udHJpYi5hdXRoLmJhY2tlbmRzLk1vZGVsQmFja2VuZCIsIl9hdXRoX3VzZXJfaWQiOiIyNCJ9', '2015-06-30 13:57:25'),
('vkt43t3lwrvvme26mbj3f94q8rxpriq4', 'MjVlNjQxY2JjZDhlMTdiNjI5ZGQxMTc0Y2M1OGNmYTUyZmQzOTU1Yjp7Il9hdXRoX3VzZXJfaGFzaCI6ImRlY2Q3OTZjOTY5ODRkODkzNWMwYzY3YmMyZmQ4MTM3NWI5NzBhMWUiLCJfYXV0aF91c2VyX2lkIjoiMjIiLCJfYXV0aF91c2VyX2JhY2tlbmQiOiJkamFuZ28uY29udHJpYi5hdXRoLmJhY2tlbmRzLk1vZGVsQmFja2VuZCJ9', '2015-07-20 14:39:22'),
('vlk6ims758lbrei15216kpcwsz0rv2ib', 'NWEzMzlmYWUwMTE2MDEwYjhiYzgzZTM1OWY3MDdjN2U3OWY2NTA0ODp7Il9hdXRoX3VzZXJfYmFja2VuZCI6ImRqYW5nby5jb250cmliLmF1dGguYmFja2VuZHMuTW9kZWxCYWNrZW5kIiwiX2F1dGhfdXNlcl9oYXNoIjoiNTFmNTExOGNmZTAyN2I5MjUwNzg0OGY0ZmJhMzExYjkzY2I0MzdiNiIsIl9hdXRoX3VzZXJfaWQiOiIyNCJ9', '2015-06-22 10:27:46'),
('vnvmuj9rt8bnjmi9i696apmtj8gle9wd', 'ZDU1M2Q2OWNjYjY2Nzk5YzY3Y2IxNjI5YTUzMjY2MWVkNzY1OTBmMzp7Il9hdXRoX3VzZXJfYmFja2VuZCI6ImRqYW5nby5jb250cmliLmF1dGguYmFja2VuZHMuTW9kZWxCYWNrZW5kIiwiX2F1dGhfdXNlcl9pZCI6IjIyIiwiX2F1dGhfdXNlcl9oYXNoIjoiOWYzMDA5OTg5YzRiNzlhYTdiYWNiZWMxMjgyOWE3ODZiOGJkOGM5NCJ9', '2015-07-09 12:29:31'),
('vwa9xsul51ksw3nvr3n5iw852n0y5zv7', 'NmRiYTA4YjIyMmFkM2JjMDM0NDQxZjY0NTQxZWZjZjU0MzgwMmY5Yjp7Il9hdXRoX3VzZXJfYmFja2VuZCI6ImRqYW5nby5jb250cmliLmF1dGguYmFja2VuZHMuTW9kZWxCYWNrZW5kIiwiX2F1dGhfdXNlcl9oYXNoIjoiODQ4NWQ4Y2MwNDQ3NTNiYjYxMDYxMDYyODUxN2E5MmIzYWQ0NTdmYSIsIl9hdXRoX3VzZXJfaWQiOiIxIn0=', '2015-07-09 13:00:12'),
('w70c58sh3t437i45ge6v48qsxpjo5hyc', 'YTQ2M2QyYWIwNjkyYzRkZTdjNWQxODgwM2Q5ODY0Y2I2NTJjOWRmYzp7Il9hdXRoX3VzZXJfYmFja2VuZCI6ImRqYW5nby5jb250cmliLmF1dGguYmFja2VuZHMuTW9kZWxCYWNrZW5kIiwiX2F1dGhfdXNlcl9oYXNoIjoiZjlkMmVhMWIwY2Y0ZDAzN2VjNjU0NTM2ZjMzZjNhNjdhMTE5OTNlZiIsIl9hdXRoX3VzZXJfaWQiOiIxIn0=', '2015-06-04 17:24:53'),
('wbfm424kka75ec84f94ep79tdbxkobyt', 'NDhjZTNkOGI3ZjQ5ZjEwMGY0ZWI4OTE3ZTg2OTk5ZjQ4NmE5Zjc3MTp7Il9hdXRoX3VzZXJfaWQiOiIxIiwiX2F1dGhfdXNlcl9oYXNoIjoiMWNmN2QwNzhhM2M4YjcxZmQ5ZWYyNjA2YzQ1YmY3ZjY4OWJkOWVhNyIsIl9hdXRoX3VzZXJfYmFja2VuZCI6ImRqYW5nby5jb250cmliLmF1dGguYmFja2VuZHMuTW9kZWxCYWNrZW5kIn0=', '2015-07-02 13:10:49'),
('xexzrtgugsc35yd6zzn5phau0cor7hro', 'ZWE5NzRmMTdmOTI2N2UzNTlmYzRiNmZlZmFhNDRkYWQyMDk0MGJmODp7Il9hdXRoX3VzZXJfaWQiOiIxIiwiX2F1dGhfdXNlcl9oYXNoIjoiODQ4NWQ4Y2MwNDQ3NTNiYjYxMDYxMDYyODUxN2E5MmIzYWQ0NTdmYSIsIl9hdXRoX3VzZXJfYmFja2VuZCI6ImRqYW5nby5jb250cmliLmF1dGguYmFja2VuZHMuTW9kZWxCYWNrZW5kIn0=', '2015-07-13 04:45:50'),
('xkz4nedyxq7rykj00df9g68dhuysctxs', 'Yjg1M2FkMDYwMmM5YjE3MmQxODcxZTdlZmI3ZWJjZDA4NWI1YWFkNzp7Il9hdXRoX3VzZXJfYmFja2VuZCI6ImRqYW5nby5jb250cmliLmF1dGguYmFja2VuZHMuTW9kZWxCYWNrZW5kIiwiX2F1dGhfdXNlcl9pZCI6IjI0IiwiX2F1dGhfdXNlcl9oYXNoIjoiNTFmNTExOGNmZTAyN2I5MjUwNzg0OGY0ZmJhMzExYjkzY2I0MzdiNiJ9', '2015-07-02 18:06:44'),
('ynb2s4y2y0yh6h4a3d3degb07kkv49mf', 'ZDVmNDcxZmE2MDU2ZjczMjJhOTI1NGMxZThmM2RiNjA0NDFjZDc4MDp7Il9hdXRoX3VzZXJfaWQiOiIyMiIsIl9hdXRoX3VzZXJfYmFja2VuZCI6ImRqYW5nby5jb250cmliLmF1dGguYmFja2VuZHMuTW9kZWxCYWNrZW5kIiwiX2F1dGhfdXNlcl9oYXNoIjoiOWYzMDA5OTg5YzRiNzlhYTdiYWNiZWMxMjgyOWE3ODZiOGJkOGM5NCJ9', '2015-06-25 18:55:45'),
('yor91772lalekurep8w1cwppp01viyov', 'NmZhMTJmNzM4NmFmZTI5MGUzYTc3N2E5YTA1YWQ2Y2U5MzQ1MGE2Mjp7Il9hdXRoX3VzZXJfYmFja2VuZCI6ImRqYW5nby5jb250cmliLmF1dGguYmFja2VuZHMuTW9kZWxCYWNrZW5kIiwiX2F1dGhfdXNlcl9oYXNoIjoiOWYzMDA5OTg5YzRiNzlhYTdiYWNiZWMxMjgyOWE3ODZiOGJkOGM5NCIsIl9hdXRoX3VzZXJfaWQiOiIyMiJ9', '2015-06-26 11:18:24'),
('z59we5venqowsm4oyxznaj2bnv0fuvk6', 'YTc2ZTMxNzdlMWIwZjdjNTJlMTQzOWMyYzM0YTkyNDZkYzc0YTU3Mzp7Il9hdXRoX3VzZXJfaGFzaCI6IjUxZjUxMThjZmUwMjdiOTI1MDc4NDhmNGZiYTMxMWI5M2NiNDM3YjYiLCJfYXV0aF91c2VyX2JhY2tlbmQiOiJkamFuZ28uY29udHJpYi5hdXRoLmJhY2tlbmRzLk1vZGVsQmFja2VuZCIsIl9hdXRoX3VzZXJfaWQiOiIyNCJ9', '2015-07-17 16:04:27'),
('zcffoequ3rufno8mq4e0889175kceo7o', 'OTQ2N2MwZDUxM2NiNWRkODE4NzUwMTQyZWQ2MGM4Mzc0NGRmMWRiZjp7Il9hdXRoX3VzZXJfaWQiOiIxIiwiX2F1dGhfdXNlcl9iYWNrZW5kIjoiZGphbmdvLmNvbnRyaWIuYXV0aC5iYWNrZW5kcy5Nb2RlbEJhY2tlbmQiLCJfYXV0aF91c2VyX2hhc2giOiJmOWQyZWExYjBjZjRkMDM3ZWM2NTQ1MzZmMzNmM2E2N2ExMTk5M2VmIn0=', '2015-06-04 17:36:12');

/*!40101 SET CHARACTER_SET_CLIENT=@OLD_CHARACTER_SET_CLIENT */;
/*!40101 SET CHARACTER_SET_RESULTS=@OLD_CHARACTER_SET_RESULTS */;
/*!40101 SET COLLATION_CONNECTION=@OLD_COLLATION_CONNECTION */;
